,database_code,domain_name,database_group,language_code,language_name,status,visibility,editability,english_name,git_created_dt,git_closed_dt
0,aawiki,aa.wikipedia.org,wikipedia,aa,Afar,closed,public,public,Afar Wikipedia,2012-02-24,2012-02-24
1,aawikibooks,aa.wikibooks.org,wikibooks,aa,Afar,closed,public,public,Afar Wikibooks,2012-02-24,2012-02-24
2,aawiktionary,aa.wiktionary.org,wiktionary,aa,Afar,closed,public,public,Afar Wiktionary,2012-02-24,2012-02-24
3,abwiki,ab.wikipedia.org,wikipedia,ab,Abkhazian,open,public,public,Abkhazian Wikipedia,2012-02-24,
4,abwiktionary,ab.wiktionary.org,wiktionary,ab,Abkhazian,closed,public,public,Abkhazian Wiktionary,2012-02-24,2012-02-24
5,acewiki,ace.wikipedia.org,wikipedia,ace,Achinese,open,public,public,Achinese Wikipedia,2012-05-08,
6,adywiki,ady.wikipedia.org,wikipedia,ady,Adyghe,open,public,public,Adyghe Wikipedia,2016-02-02,
7,afwiki,af.wikipedia.org,wikipedia,af,Afrikaans,open,public,public,Afrikaans Wikipedia,2012-02-24,
8,afwikibooks,af.wikibooks.org,wikibooks,af,Afrikaans,open,public,public,Afrikaans Wikibooks,2012-02-24,
9,afwikiquote,af.wikiquote.org,wikiquote,af,Afrikaans,open,public,public,Afrikaans Wikiquote,2012-02-24,
10,afwiktionary,af.wiktionary.org,wiktionary,af,Afrikaans,open,public,public,Afrikaans Wiktionary,2012-02-24,
11,akwiki,ak.wikipedia.org,wikipedia,ak,Akan,open,public,public,Akan Wikipedia,2012-02-24,2023-05-16
12,akwikibooks,ak.wikibooks.org,wikibooks,ak,Akan,closed,public,public,Akan Wikibooks,2012-02-24,2012-02-24
13,akwiktionary,ak.wiktionary.org,wiktionary,ak,Akan,closed,public,public,Akan Wiktionary,2012-02-24,2012-02-24
14,alswiki,als.wikipedia.org,wikipedia,als,Alsatian,open,public,public,Alemannisch Wikipedia,2012-02-24,
15,altwiki,alt.wikipedia.org,wikipedia,alt,Southern Altai,open,public,public,Altai Wikipedia,2021-02-22,
16,amiwiki,ami.wikipedia.org,wikipedia,ami,Amis,open,public,public,Amis Wikipedia,2021-10-23,
17,amwiki,am.wikipedia.org,wikipedia,am,Amharic,open,public,public,Amharic Wikipedia,2012-02-24,
18,amwikiquote,am.wikiquote.org,wikiquote,am,Amharic,closed,public,public,Amharic Wikiquote,2012-02-24,2013-07-23
19,amwiktionary,am.wiktionary.org,wiktionary,am,Amharic,open,public,public,Amharic Wiktionary,2012-02-24,
20,angwiki,ang.wikipedia.org,wikipedia,ang,Old English,open,public,public,Old English Wikipedia,2012-02-24,
21,angwikibooks,ang.wikibooks.org,wikibooks,ang,Old English,closed,public,public,Old English Wikibooks,2012-02-24,2014-12-17
22,angwikiquote,ang.wikiquote.org,wikiquote,ang,Old English,closed,public,public,Old English Wikiquote,2012-02-24,2012-02-24
23,angwikisource,ang.wikisource.org,wikisource,ang,Old English,closed,public,public,Old English Wikisource,2012-02-24,2012-05-16
24,angwiktionary,ang.wiktionary.org,wiktionary,ang,Old English,open,public,public,Old English Wiktionary,2012-02-24,
25,anpwiki,anp.wikipedia.org,wikipedia,anp,Angika,open,public,public,Angika Wikipedia,2023-03-22,
26,anwiki,an.wikipedia.org,wikipedia,an,Aragonese,open,public,public,Aragonese Wikipedia,2012-02-24,
27,anwiktionary,an.wiktionary.org,wiktionary,an,Aragonese,open,public,public,Aragonese Wiktionary,2012-02-24,
28,arcwiki,arc.wikipedia.org,wikipedia,arc,Aramaic,open,public,public,Syriac Wikipedia,2012-02-24,
29,arwiki,ar.wikipedia.org,wikipedia,ar,Arabic,open,public,public,Arabic Wikipedia,2012-02-24,
30,arwikibooks,ar.wikibooks.org,wikibooks,ar,Arabic,open,public,public,Arabic Wikibooks,2012-02-24,
31,arwikinews,ar.wikinews.org,wikinews,ar,Arabic,open,public,public,Arabic Wikinews,2012-02-24,
32,arwikiquote,ar.wikiquote.org,wikiquote,ar,Arabic,open,public,public,Arabic Wikiquote,2012-02-24,
33,arwikisource,ar.wikisource.org,wikisource,ar,Arabic,open,public,public,Arabic Wikisource,2012-02-24,
34,arwikiversity,ar.wikiversity.org,wikiversity,ar,Arabic,open,public,public,Arabic Wikiversity,2012-05-08,
35,arwiktionary,ar.wiktionary.org,wiktionary,ar,Arabic,open,public,public,Arabic Wiktionary,2012-02-24,
36,arywiki,ary.wikipedia.org,wikipedia,ary,Moroccan Arabic,open,public,public,Moroccan Arabic Wikipedia,2020-07-12,
37,arzwiki,arz.wikipedia.org,wikipedia,arz,Egyptian Arabic,open,public,public,Egyptian Arabic Wikipedia,2012-02-24,
38,astwiki,ast.wikipedia.org,wikipedia,ast,Asturian,open,public,public,Asturian Wikipedia,2012-02-24,
39,astwikibooks,ast.wikibooks.org,wikibooks,ast,Asturian,closed,public,public,Asturian Wikibooks,2012-02-24,2012-02-24
40,astwikiquote,ast.wikiquote.org,wikiquote,ast,Asturian,closed,public,public,Asturian Wikiquote,2012-02-24,2012-02-24
41,astwiktionary,ast.wiktionary.org,wiktionary,ast,Asturian,open,public,public,Asturian Wiktionary,2012-02-24,
42,aswiki,as.wikipedia.org,wikipedia,as,Assamese,open,public,public,Assamese Wikipedia,2012-02-24,
43,aswikibooks,as.wikibooks.org,wikibooks,as,Assamese,closed,public,public,Assamese Wikibooks,2012-02-24,2012-05-16
44,aswikiquote,as.wikiquote.org,wikiquote,as,Assamese,open,public,public,Assamese Wikiquote,2023-01-04,
45,aswikisource,as.wikisource.org,wikisource,as,Assamese,open,public,public,Assamese Wikisource,2013-01-03,
46,aswiktionary,as.wiktionary.org,wiktionary,as,Assamese,closed,public,public,Assamese Wiktionary,2012-02-24,2012-05-16
47,atjwiki,atj.wikipedia.org,wikipedia,atj,Atikamekw,open,public,public,Atikamekw Wikipedia,2017-06-14,
48,avkwiki,avk.wikipedia.org,wikipedia,avk,Kotava,open,public,public,Kotava Wikipedia,2020-07-15,
49,avwiki,av.wikipedia.org,wikipedia,av,Avaric,open,public,public,Avaric Wikipedia,2012-02-24,
50,avwiktionary,av.wiktionary.org,wiktionary,av,Avaric,closed,public,public,Avaric Wiktionary,2012-02-24,2012-02-24
51,awawiki,awa.wikipedia.org,wikipedia,awa,Awadhi,open,public,public,Awadhi Wikipedia,2020-05-01,
52,aywiki,ay.wikipedia.org,wikipedia,ay,Aymara,open,public,public,Aymara Wikipedia,2012-02-24,
53,aywikibooks,ay.wikibooks.org,wikibooks,ay,Aymara,closed,public,public,Aymara Wikibooks,2012-02-24,2012-02-24
54,aywiktionary,ay.wiktionary.org,wiktionary,ay,Aymara,open,public,public,Aymara Wiktionary,2012-02-24,
55,azbwiki,azb.wikipedia.org,wikipedia,azb,South Azerbaijani,open,public,public,South Azerbaijani Wikipedia,2017-08-29,
56,azwiki,az.wikipedia.org,wikipedia,az,Azerbaijani,open,public,public,Azerbaijani Wikipedia,2012-02-24,
57,azwikibooks,az.wikibooks.org,wikibooks,az,Azerbaijani,open,public,public,Azerbaijani Wikibooks,2012-02-24,
58,azwikiquote,az.wikiquote.org,wikiquote,az,Azerbaijani,open,public,public,Azerbaijani Wikiquote,2012-02-24,
59,azwikisource,az.wikisource.org,wikisource,az,Azerbaijani,open,public,public,Azerbaijani Wikisource,2012-02-24,
60,azwiktionary,az.wiktionary.org,wiktionary,az,Azerbaijani,open,public,public,Azerbaijani Wiktionary,2012-02-24,
61,banwiki,ban.wikipedia.org,wikipedia,ban,Balinese,open,public,public,Balinese Wikipedia,2019-10-08,
62,banwikisource,ban.wikisource.org,wikisource,ban,Balinese,open,public,public,Balinese Wikisource,2021-06-30,
63,barwiki,bar.wikipedia.org,wikipedia,bar,Bavarian,open,public,public,Bavarian Wikipedia,2012-02-24,
64,bat_smgwiki,bat-smg.wikipedia.org,wikipedia,bat-smg,Samogitian,open,public,public,Samogitian Wikipedia,2012-02-24,
65,bawiki,ba.wikipedia.org,wikipedia,ba,Bashkir,open,public,public,Bashkir Wikipedia,2012-02-24,
66,bawikibooks,ba.wikibooks.org,wikibooks,ba,Bashkir,open,public,public,Bashkir Wikibooks,2012-02-24,
67,bclwiki,bcl.wikipedia.org,wikipedia,bcl,Central Bikol,open,public,public,Bikol Central Wikipedia,2012-05-08,
68,bclwikiquote,bcl.wikiquote.org,wikiquote,bcl,Central Bikol,open,public,public,Central Bikol Wikiquote,2022-10-10,
69,bclwiktionary,bcl.wiktionary.org,wiktionary,bcl,Central Bikol,open,public,public,Central Bikol Wiktionary,2021-01-11,
70,be_x_oldwiki,be-tarask.wikipedia.org,wikipedia,be-x-old,Belarusian (Taraškievica orthography),open,public,public,Belarusian (Taraškievica) Wikipedia,2018-04-27,
71,bewiki,be.wikipedia.org,wikipedia,be,Belarusian,open,public,public,Belarusian Wikipedia,2012-02-24,
72,bewikibooks,be.wikibooks.org,wikibooks,be,Belarusian,open,public,public,Belarusian Wikibooks,2012-02-24,
73,bewikiquote,be.wikiquote.org,wikiquote,be,Belarusian,open,public,public,Belarusian Wikiquote,2012-02-24,
74,bewikisource,be.wikisource.org,wikisource,be,Belarusian,open,public,public,Belarusian Wikisource,2012-05-08,
75,bewiktionary,be.wiktionary.org,wiktionary,be,Belarusian,open,public,public,Belarusian Wiktionary,2012-02-24,
76,bgwiki,bg.wikipedia.org,wikipedia,bg,Bulgarian,open,public,public,Bulgarian Wikipedia,2012-02-24,
77,bgwikibooks,bg.wikibooks.org,wikibooks,bg,Bulgarian,open,public,public,Bulgarian Wikibooks,2012-02-24,
78,bgwikinews,bg.wikinews.org,wikinews,bg,Bulgarian,closed,public,public,Bulgarian Wikinews,2012-02-24,2019-09-23
79,bgwikiquote,bg.wikiquote.org,wikiquote,bg,Bulgarian,open,public,public,Bulgarian Wikiquote,2012-02-24,
80,bgwikisource,bg.wikisource.org,wikisource,bg,Bulgarian,open,public,public,Bulgarian Wikisource,2012-02-24,
81,bgwiktionary,bg.wiktionary.org,wiktionary,bg,Bulgarian,open,public,public,Bulgarian Wiktionary,2012-02-24,
82,bhwiki,bh.wikipedia.org,wikipedia,bh,Bhojpuri,open,public,public,Bhojpuri Wikipedia,2012-02-24,
83,bhwiktionary,bh.wiktionary.org,wiktionary,bh,Bhojpuri,closed,public,public,Bhojpuri Wiktionary,2012-02-24,2012-02-24
84,biwiki,bi.wikipedia.org,wikipedia,bi,Bislama,open,public,public,Bislama Wikipedia,2012-02-24,
85,biwikibooks,bi.wikibooks.org,wikibooks,bi,Bislama,closed,public,public,Bislama Wikibooks,2012-02-24,2012-02-24
86,biwiktionary,bi.wiktionary.org,wiktionary,bi,Bislama,closed,public,public,Bislama Wiktionary,2012-02-24,2012-05-16
87,bjnwiki,bjn.wikipedia.org,wikipedia,bjn,Banjar,open,public,public,Banjar Wikipedia,2012-05-08,
88,bjnwiktionary,bjn.wiktionary.org,wiktionary,bjn,Banjar,open,public,public,Banjar Wiktionary,2022-07-19,
89,blkwiki,blk.wikipedia.org,wikipedia,blk,Pa'O,open,public,public,Pa'O Wikipedia,2022-07-19,
90,bmwiki,bm.wikipedia.org,wikipedia,bm,Bambara,open,public,public,Bambara Wikipedia,2012-02-24,
91,bmwikibooks,bm.wikibooks.org,wikibooks,bm,Bambara,closed,public,public,Bambara Wikibooks,2012-02-24,2012-02-24
92,bmwikiquote,bm.wikiquote.org,wikiquote,bm,Bambara,closed,public,public,Bambara Wikiquote,2012-02-24,2012-02-24
93,bmwiktionary,bm.wiktionary.org,wiktionary,bm,Bambara,closed,public,public,Bambara Wiktionary,2012-02-24,2012-02-24
94,bnwiki,bn.wikipedia.org,wikipedia,bn,Bangla,open,public,public,Bengali Wikipedia,2012-02-24,
95,bnwikibooks,bn.wikibooks.org,wikibooks,bn,Bangla,open,public,public,Bengali Wikibooks,2012-02-24,
96,bnwikiquote,bn.wikiquote.org,wikiquote,bn,Bangla,open,public,public,Bengali Wikiquote,2022-10-10,
97,bnwikisource,bn.wikisource.org,wikisource,bn,Bangla,open,public,public,Bengali Wikisource,2012-05-08,
98,bnwikivoyage,bn.wikivoyage.org,wikivoyage,bn,Bangla,open,public,public,Bengali Wikivoyage,2018-06-05,
99,bnwiktionary,bn.wiktionary.org,wiktionary,bn,Bangla,open,public,public,Bengali Wiktionary,2012-02-24,
100,bowiki,bo.wikipedia.org,wikipedia,bo,Tibetan,open,public,public,Tibetan Wikipedia,2012-02-24,
101,bowikibooks,bo.wikibooks.org,wikibooks,bo,Tibetan,closed,public,public,Tibetan Wikibooks,2012-02-24,2012-02-24
102,bowiktionary,bo.wiktionary.org,wiktionary,bo,Tibetan,closed,public,public,Tibetan Wiktionary,2012-02-24,2012-02-24
103,bpywiki,bpy.wikipedia.org,wikipedia,bpy,Bishnupriya,open,public,public,Bishnupriya Wikipedia,2012-02-24,
104,brwiki,br.wikipedia.org,wikipedia,br,Breton,open,public,public,Breton Wikipedia,2012-02-24,
105,brwikiquote,br.wikiquote.org,wikiquote,br,Breton,open,public,public,Breton Wikiquote,2012-05-08,
106,brwikisource,br.wikisource.org,wikisource,br,Breton,open,public,public,Breton Wikisource,2012-05-08,
107,brwiktionary,br.wiktionary.org,wiktionary,br,Breton,open,public,public,Breton Wiktionary,2012-02-24,
108,bswiki,bs.wikipedia.org,wikipedia,bs,Bosnian,open,public,public,Bosnian Wikipedia,2012-02-24,
109,bswikibooks,bs.wikibooks.org,wikibooks,bs,Bosnian,open,public,public,Bosnian Wikibooks,2012-02-24,
110,bswikinews,bs.wikinews.org,wikinews,bs,Bosnian,open,public,public,Bosnian Wikinews,2012-02-24,
111,bswikiquote,bs.wikiquote.org,wikiquote,bs,Bosnian,open,public,public,Bosnian Wikiquote,2012-02-24,
112,bswikisource,bs.wikisource.org,wikisource,bs,Bosnian,open,public,public,Bosnian Wikisource,2012-02-24,
113,bswiktionary,bs.wiktionary.org,wiktionary,bs,Bosnian,open,public,public,Bosnian Wiktionary,2012-02-24,
114,bugwiki,bug.wikipedia.org,wikipedia,bug,Buginese,open,public,public,Buginese Wikipedia,2012-02-24,
115,bxrwiki,bxr.wikipedia.org,wikipedia,bxr,Russia Buriat,open,public,public,Buryat Wikipedia,2012-02-24,
116,cawiki,ca.wikipedia.org,wikipedia,ca,Catalan,open,public,public,Catalan Wikipedia,2012-02-24,
117,cawikibooks,ca.wikibooks.org,wikibooks,ca,Catalan,open,public,public,Catalan Wikibooks,2012-02-24,
118,cawikinews,ca.wikinews.org,wikinews,ca,Catalan,open,public,public,Catalan Wikinews,2012-02-24,
119,cawikiquote,ca.wikiquote.org,wikiquote,ca,Catalan,open,public,public,Catalan Wikiquote,2012-02-24,
120,cawikisource,ca.wikisource.org,wikisource,ca,Catalan,open,public,public,Catalan Wikisource,2012-02-24,
121,cawiktionary,ca.wiktionary.org,wiktionary,ca,Catalan,open,public,public,Catalan Wiktionary,2012-02-24,
122,cbk_zamwiki,cbk-zam.wikipedia.org,wikipedia,cbk-zam,Chavacano,open,public,public,Chavacano de Zamboanga Wikipedia,2012-02-24,
123,cdowiki,cdo.wikipedia.org,wikipedia,cdo,Min Dong Chinese,open,public,public,Min Dong Chinese Wikipedia,2012-02-24,
124,cebwiki,ceb.wikipedia.org,wikipedia,ceb,Cebuano,open,public,public,Cebuano Wikipedia,2012-02-24,
125,cewiki,ce.wikipedia.org,wikipedia,ce,Chechen,open,public,public,Chechen Wikipedia,2012-02-24,
126,chowiki,cho.wikipedia.org,wikipedia,cho,Choctaw,closed,public,public,Choctaw Wikipedia,2012-02-24,2012-02-24
127,chrwiki,chr.wikipedia.org,wikipedia,chr,Cherokee,open,public,public,Cherokee Wikipedia,2012-02-24,
128,chrwiktionary,chr.wiktionary.org,wiktionary,chr,Cherokee,open,public,public,Cherokee Wiktionary,2012-02-24,
129,chwiki,ch.wikipedia.org,wikipedia,ch,Chamorro,open,public,public,Chamorro Wikipedia,2012-02-24,
130,chwikibooks,ch.wikibooks.org,wikibooks,ch,Chamorro,closed,public,public,Chamorro Wikibooks,2012-02-24,2012-02-24
131,chwiktionary,ch.wiktionary.org,wiktionary,ch,Chamorro,closed,public,public,Chamorro Wiktionary,2012-02-24,2012-02-24
132,chywiki,chy.wikipedia.org,wikipedia,chy,Cheyenne,open,public,public,Cheyenne Wikipedia,2012-02-24,
133,ckbwiki,ckb.wikipedia.org,wikipedia,ckb,Central Kurdish,open,public,public,Central Kurdish Wikipedia,2012-05-08,
134,commonswiki,commons.wikimedia.org,commons,en,English,open,public,public,Wikimedia Commons,2012-02-24,
135,cowiki,co.wikipedia.org,wikipedia,co,Corsican,open,public,public,Corsican Wikipedia,2012-02-24,
136,cowikibooks,co.wikibooks.org,wikibooks,co,Corsican,closed,public,public,Corsican Wikibooks,2012-02-24,2012-02-24
137,cowikiquote,co.wikiquote.org,wikiquote,co,Corsican,closed,public,public,Corsican Wikiquote,2012-02-24,2012-02-24
138,cowiktionary,co.wiktionary.org,wiktionary,co,Corsican,open,public,public,Corsican Wiktionary,2012-02-24,
139,crhwiki,crh.wikipedia.org,wikipedia,crh,Crimean Tatar,open,public,public,Crimean Tatar Wikipedia,2012-05-08,
140,crwiki,cr.wikipedia.org,wikipedia,cr,Cree,open,public,public,Cree Wikipedia,2012-02-24,
141,crwikiquote,cr.wikiquote.org,wikiquote,cr,Cree,closed,public,public,Cree Wikiquote,2012-02-24,2012-02-24
142,crwiktionary,cr.wiktionary.org,wiktionary,cr,Cree,closed,public,public,Cree Wiktionary,2012-02-24,2012-02-24
143,csbwiki,csb.wikipedia.org,wikipedia,csb,Kashubian,open,public,public,Kashubian Wikipedia,2012-02-24,
144,csbwiktionary,csb.wiktionary.org,wiktionary,csb,Kashubian,open,public,public,Kashubian Wiktionary,2012-02-24,
145,cswiki,cs.wikipedia.org,wikipedia,cs,Czech,open,public,public,Czech Wikipedia,2012-02-24,
146,cswikibooks,cs.wikibooks.org,wikibooks,cs,Czech,open,public,public,Czech Wikibooks,2012-02-24,
147,cswikinews,cs.wikinews.org,wikinews,cs,Czech,open,public,public,Czech Wikinews,2012-05-08,
148,cswikiquote,cs.wikiquote.org,wikiquote,cs,Czech,open,public,public,Czech Wikiquote,2012-02-24,
149,cswikisource,cs.wikisource.org,wikisource,cs,Czech,open,public,public,Czech Wikisource,2012-02-24,
150,cswikiversity,cs.wikiversity.org,wikiversity,cs,Czech,open,public,public,Czech Wikiversity,2012-05-08,
151,cswiktionary,cs.wiktionary.org,wiktionary,cs,Czech,open,public,public,Czech Wiktionary,2012-02-24,
152,cuwiki,cu.wikipedia.org,wikipedia,cu,Church Slavic,open,public,public,Church Slavic Wikipedia,2012-02-24,
153,cvwiki,cv.wikipedia.org,wikipedia,cv,Chuvash,open,public,public,Chuvash Wikipedia,2012-02-24,
154,cvwikibooks,cv.wikibooks.org,wikibooks,cv,Chuvash,open,public,public,Chuvash Wikibooks,2012-02-24,
155,cywiki,cy.wikipedia.org,wikipedia,cy,Welsh,open,public,public,Welsh Wikipedia,2012-02-24,
156,cywikibooks,cy.wikibooks.org,wikibooks,cy,Welsh,open,public,public,Welsh Wikibooks,2012-02-24,
157,cywikiquote,cy.wikiquote.org,wikiquote,cy,Welsh,open,public,public,Welsh Wikiquote,2012-02-24,
158,cywikisource,cy.wikisource.org,wikisource,cy,Welsh,open,public,public,Welsh Wikisource,2012-02-24,
159,cywiktionary,cy.wiktionary.org,wiktionary,cy,Welsh,open,public,public,Welsh Wiktionary,2012-02-24,
160,dagwiki,dag.wikipedia.org,wikipedia,dag,Dagbani,open,public,public,Dagbani Wikipedia,2021-06-30,
161,dawiki,da.wikipedia.org,wikipedia,da,Danish,open,public,public,Danish Wikipedia,2012-02-24,
162,dawikibooks,da.wikibooks.org,wikibooks,da,Danish,open,public,public,Danish Wikibooks,2012-02-24,
163,dawikiquote,da.wikiquote.org,wikiquote,da,Danish,open,public,public,Danish Wikiquote,2012-02-24,
164,dawikisource,da.wikisource.org,wikisource,da,Danish,open,public,public,Danish Wikisource,2012-02-24,
165,dawiktionary,da.wiktionary.org,wiktionary,da,Danish,open,public,public,Danish Wiktionary,2012-02-24,
166,dewiki,de.wikipedia.org,wikipedia,de,German,open,public,public,German Wikipedia,2012-02-24,
167,dewikibooks,de.wikibooks.org,wikibooks,de,German,open,public,public,German Wikibooks,2012-02-24,
168,dewikinews,de.wikinews.org,wikinews,de,German,open,public,public,German Wikinews,2012-02-24,
169,dewikiquote,de.wikiquote.org,wikiquote,de,German,open,public,public,German Wikiquote,2012-02-24,
170,dewikisource,de.wikisource.org,wikisource,de,German,open,public,public,German Wikisource,2012-02-24,
171,dewikiversity,de.wikiversity.org,wikiversity,de,German,open,public,public,German Wikiversity,2012-02-24,
172,dewikivoyage,de.wikivoyage.org,wikivoyage,de,German,open,public,public,German Wikivoyage,2012-11-06,
173,dewiktionary,de.wiktionary.org,wiktionary,de,German,open,public,public,German Wiktionary,2012-02-24,
174,dinwiki,din.wikipedia.org,wikipedia,din,Dinka,open,public,public,Dinka Wikipedia,2017-06-29,
175,diqwiki,diq.wikipedia.org,wikipedia,diq,Zazaki,open,public,public,Zazaki Wikipedia,2012-02-24,
176,diqwiktionary,diq.wiktionary.org,wiktionary,diq,Zazaki,open,public,public,Zazaki Wiktionary,2021-01-11,
177,dsbwiki,dsb.wikipedia.org,wikipedia,dsb,Lower Sorbian,open,public,public,Lower Sorbian Wikipedia,2012-05-08,
178,dtywiki,dty.wikipedia.org,wikipedia,dty,Doteli,open,public,public,Doteli Wikipedia,2017-04-09,
179,dvwiki,dv.wikipedia.org,wikipedia,dv,Divehi,open,public,public,Divehi Wikipedia,2012-02-24,
180,dvwiktionary,dv.wiktionary.org,wiktionary,dv,Divehi,open,public,public,Divehi Wiktionary,2012-02-24,
181,dzwiki,dz.wikipedia.org,wikipedia,dz,Dzongkha,open,public,public,Dzongkha Wikipedia,2012-02-24,
182,dzwiktionary,dz.wiktionary.org,wiktionary,dz,Dzongkha,closed,public,public,Dzongkha Wiktionary,2012-02-24,2012-02-24
183,eewiki,ee.wikipedia.org,wikipedia,ee,Ewe,open,public,public,Ewe Wikipedia,2012-02-24,
184,elwiki,el.wikipedia.org,wikipedia,el,Greek,open,public,public,Greek Wikipedia,2012-02-24,
185,elwikibooks,el.wikibooks.org,wikibooks,el,Greek,open,public,public,Greek Wikibooks,2012-02-24,
186,elwikinews,el.wikinews.org,wikinews,el,Greek,open,public,public,Greek Wikinews,2012-05-08,
187,elwikiquote,el.wikiquote.org,wikiquote,el,Greek,open,public,public,Greek Wikiquote,2012-02-24,
188,elwikisource,el.wikisource.org,wikisource,el,Greek,open,public,public,Greek Wikisource,2012-02-24,
189,elwikiversity,el.wikiversity.org,wikiversity,el,Greek,open,public,public,Greek Wikiversity,2012-05-08,
190,elwikivoyage,el.wikivoyage.org,wikivoyage,el,Greek,open,public,public,Greek Wikivoyage,2013-05-16,
191,elwiktionary,el.wiktionary.org,wiktionary,el,Greek,open,public,public,Greek Wiktionary,2012-02-24,
192,emlwiki,eml.wikipedia.org,wikipedia,eml,Emiliano-Romagnolo,open,public,public,Emiliano-Romagnolo Wikipedia,2012-02-24,
193,enwiki,en.wikipedia.org,wikipedia,en,English,open,public,public,English Wikipedia,2012-02-24,
194,enwikibooks,en.wikibooks.org,wikibooks,en,English,open,public,public,English Wikibooks,2012-02-24,
195,enwikinews,en.wikinews.org,wikinews,en,English,open,public,public,English Wikinews,2012-02-24,
196,enwikiquote,en.wikiquote.org,wikiquote,en,English,open,public,public,English Wikiquote,2012-02-24,
197,enwikisource,en.wikisource.org,wikisource,en,English,open,public,public,English Wikisource,2012-02-24,
198,enwikiversity,en.wikiversity.org,wikiversity,en,English,open,public,public,English Wikiversity,2012-02-24,
199,enwikivoyage,en.wikivoyage.org,wikivoyage,en,English,open,public,public,English Wikivoyage,2012-11-06,
200,enwiktionary,en.wiktionary.org,wiktionary,en,English,open,public,public,English Wiktionary,2012-02-24,
201,eowiki,eo.wikipedia.org,wikipedia,eo,Esperanto,open,public,public,Esperanto Wikipedia,2012-02-24,
202,eowikibooks,eo.wikibooks.org,wikibooks,eo,Esperanto,open,public,public,Esperanto Wikibooks,2012-02-24,
203,eowikinews,eo.wikinews.org,wikinews,eo,Esperanto,open,public,public,Esperanto Wikinews,2012-05-08,
204,eowikiquote,eo.wikiquote.org,wikiquote,eo,Esperanto,open,public,public,Esperanto Wikiquote,2012-02-24,
205,eowikisource,eo.wikisource.org,wikisource,eo,Esperanto,open,public,public,Esperanto Wikisource,2012-05-08,
206,eowikivoyage,eo.wikivoyage.org,wikivoyage,eo,Esperanto,open,public,public,Esperanto Wikivoyage,2020-12-07,
207,eowiktionary,eo.wiktionary.org,wiktionary,eo,Esperanto,open,public,public,Esperanto Wiktionary,2012-02-24,
208,eswiki,es.wikipedia.org,wikipedia,es,Spanish,open,public,public,Spanish Wikipedia,2012-02-24,
209,eswikibooks,es.wikibooks.org,wikibooks,es,Spanish,open,public,public,Spanish Wikibooks,2012-02-24,
210,eswikinews,es.wikinews.org,wikinews,es,Spanish,open,public,public,Spanish Wikinews,2012-02-24,
211,eswikiquote,es.wikiquote.org,wikiquote,es,Spanish,open,public,public,Spanish Wikiquote,2012-02-24,
212,eswikisource,es.wikisource.org,wikisource,es,Spanish,open,public,public,Spanish Wikisource,2012-02-24,
213,eswikiversity,es.wikiversity.org,wikiversity,es,Spanish,open,public,public,Spanish Wikiversity,2012-02-24,
214,eswikivoyage,es.wikivoyage.org,wikivoyage,es,Spanish,open,public,public,Spanish Wikivoyage,2013-01-03,
215,eswiktionary,es.wiktionary.org,wiktionary,es,Spanish,open,public,public,Spanish Wiktionary,2012-02-24,
216,etwiki,et.wikipedia.org,wikipedia,et,Estonian,open,public,public,Estonian Wikipedia,2012-02-24,
217,etwikibooks,et.wikibooks.org,wikibooks,et,Estonian,open,public,public,Estonian Wikibooks,2012-02-24,
218,etwikiquote,et.wikiquote.org,wikiquote,et,Estonian,open,public,public,Estonian Wikiquote,2012-02-24,
219,etwikisource,et.wikisource.org,wikisource,et,Estonian,open,public,public,Estonian Wikisource,2012-02-24,
220,etwiktionary,et.wiktionary.org,wiktionary,et,Estonian,open,public,public,Estonian Wiktionary,2012-02-24,
221,euwiki,eu.wikipedia.org,wikipedia,eu,Basque,open,public,public,Basque Wikipedia,2012-02-24,
222,euwikibooks,eu.wikibooks.org,wikibooks,eu,Basque,open,public,public,Basque Wikibooks,2012-02-24,
223,euwikiquote,eu.wikiquote.org,wikiquote,eu,Basque,open,public,public,Basque Wikiquote,2012-02-24,
224,euwikisource,eu.wikisource.org,wikisource,eu,Basque,open,public,public,Basque Wikisource,2018-03-13,
225,euwiktionary,eu.wiktionary.org,wiktionary,eu,Basque,open,public,public,Basque Wiktionary,2012-02-24,
226,extwiki,ext.wikipedia.org,wikipedia,ext,Extremaduran,open,public,public,Extremaduran Wikipedia,2012-05-08,
227,fawiki,fa.wikipedia.org,wikipedia,fa,Persian,open,public,public,Persian Wikipedia,2012-02-24,
228,fawikibooks,fa.wikibooks.org,wikibooks,fa,Persian,open,public,public,Persian Wikibooks,2012-02-24,
229,fawikinews,fa.wikinews.org,wikinews,fa,Persian,open,public,public,Persian Wikinews,2012-05-08,
230,fawikiquote,fa.wikiquote.org,wikiquote,fa,Persian,open,public,public,Persian Wikiquote,2012-02-24,
231,fawikisource,fa.wikisource.org,wikisource,fa,Persian,open,public,public,Persian Wikisource,2012-02-24,
232,fawikivoyage,fa.wikivoyage.org,wikivoyage,fa,Persian,open,public,public,Persian Wikivoyage,2014-09-28,
233,fawiktionary,fa.wiktionary.org,wiktionary,fa,Persian,open,public,public,Persian Wiktionary,2012-02-24,
234,ffwiki,ff.wikipedia.org,wikipedia,ff,Fula,open,public,public,Fulah Wikipedia,2012-02-24,
235,fiu_vrowiki,fiu-vro.wikipedia.org,wikipedia,fiu-vro,Võro,open,public,public,Võro Wikipedia,2012-02-24,
236,fiwiki,fi.wikipedia.org,wikipedia,fi,Finnish,open,public,public,Finnish Wikipedia,2012-02-24,
237,fiwikibooks,fi.wikibooks.org,wikibooks,fi,Finnish,open,public,public,Finnish Wikibooks,2012-02-24,
238,fiwikinews,fi.wikinews.org,wikinews,fi,Finnish,open,public,public,Finnish Wikinews,2012-05-08,
239,fiwikiquote,fi.wikiquote.org,wikiquote,fi,Finnish,open,public,public,Finnish Wikiquote,2012-02-24,
240,fiwikisource,fi.wikisource.org,wikisource,fi,Finnish,open,public,public,Finnish Wikisource,2012-02-24,
241,fiwikiversity,fi.wikiversity.org,wikiversity,fi,Finnish,open,public,public,Finnish Wikiversity,2012-05-08,
242,fiwikivoyage,fi.wikivoyage.org,wikivoyage,fi,Finnish,open,public,public,Finnish Wikivoyage,2016-11-27,
243,fiwiktionary,fi.wiktionary.org,wiktionary,fi,Finnish,open,public,public,Finnish Wiktionary,2012-02-24,
244,fjwiki,fj.wikipedia.org,wikipedia,fj,Fijian,open,public,public,Fijian Wikipedia,2012-02-24,
245,fjwiktionary,fj.wiktionary.org,wiktionary,fj,Fijian,open,public,public,Fijian Wiktionary,2012-02-24,
246,fowiki,fo.wikipedia.org,wikipedia,fo,Faroese,open,public,public,Faroese Wikipedia,2012-02-24,
247,fowikisource,fo.wikisource.org,wikisource,fo,Faroese,open,public,public,Faroese Wikisource,2012-02-24,
248,fowiktionary,fo.wiktionary.org,wiktionary,fo,Faroese,open,public,public,Faroese Wiktionary,2012-02-24,
249,frpwiki,frp.wikipedia.org,wikipedia,frp,Arpitan,open,public,public,Arpitan Wikipedia,2012-02-24,
250,frrwiki,frr.wikipedia.org,wikipedia,frr,Northern Frisian,open,public,public,Northern Frisian Wikipedia,2012-05-08,
251,frwiki,fr.wikipedia.org,wikipedia,fr,French,open,public,public,French Wikipedia,2012-02-24,
252,frwikibooks,fr.wikibooks.org,wikibooks,fr,French,open,public,public,French Wikibooks,2012-02-24,
253,frwikinews,fr.wikinews.org,wikinews,fr,French,open,public,public,French Wikinews,2012-02-24,
254,frwikiquote,fr.wikiquote.org,wikiquote,fr,French,open,public,public,French Wikiquote,2012-02-24,
255,frwikisource,fr.wikisource.org,wikisource,fr,French,open,public,public,French Wikisource,2012-02-24,
256,frwikiversity,fr.wikiversity.org,wikiversity,fr,French,open,public,public,French Wikiversity,2012-02-24,
257,frwikivoyage,fr.wikivoyage.org,wikivoyage,fr,French,open,public,public,French Wikivoyage,2012-11-06,
258,frwiktionary,fr.wiktionary.org,wiktionary,fr,French,open,public,public,French Wiktionary,2012-02-24,
259,furwiki,fur.wikipedia.org,wikipedia,fur,Friulian,open,public,public,Friulian Wikipedia,2012-02-24,
260,fywiki,fy.wikipedia.org,wikipedia,fy,Western Frisian,open,public,public,Western Frisian Wikipedia,2012-02-24,
261,fywikibooks,fy.wikibooks.org,wikibooks,fy,Western Frisian,open,public,public,Western Frisian Wikibooks,2012-02-24,
262,fywiktionary,fy.wiktionary.org,wiktionary,fy,Western Frisian,open,public,public,Western Frisian Wiktionary,2012-02-24,
263,gagwiki,gag.wikipedia.org,wikipedia,gag,Gagauz,open,public,public,Gagauz Wikipedia,2012-05-08,
264,ganwiki,gan.wikipedia.org,wikipedia,gan,Gan Chinese,open,public,public,Gan Chinese Wikipedia,2012-05-08,
265,gawiki,ga.wikipedia.org,wikipedia,ga,Irish,open,public,public,Irish Wikipedia,2012-02-24,
266,gawikibooks,ga.wikibooks.org,wikibooks,ga,Irish,closed,public,public,Irish Wikibooks,2012-02-24,2012-02-24
267,gawikiquote,ga.wikiquote.org,wikiquote,ga,Irish,closed,public,public,Irish Wikiquote,2012-02-24,2012-02-24
268,gawiktionary,ga.wiktionary.org,wiktionary,ga,Irish,open,public,public,Irish Wiktionary,2012-02-24,
269,gcrwiki,gcr.wikipedia.org,wikipedia,gcr,Guianan Creole,open,public,public,Guianan Creole Wikipedia,2019-11-20,
270,gdwiki,gd.wikipedia.org,wikipedia,gd,Scottish Gaelic,open,public,public,Scottish Gaelic Wikipedia,2012-02-24,
271,gdwiktionary,gd.wiktionary.org,wiktionary,gd,Scottish Gaelic,open,public,public,Scottish Gaelic Wiktionary,2012-02-24,
272,glkwiki,glk.wikipedia.org,wikipedia,glk,Gilaki,open,public,public,Gilaki Wikipedia,2012-02-24,
273,glwiki,gl.wikipedia.org,wikipedia,gl,Galician,open,public,public,Galician Wikipedia,2012-02-24,
274,glwikibooks,gl.wikibooks.org,wikibooks,gl,Galician,open,public,public,Galician Wikibooks,2012-02-24,
275,glwikiquote,gl.wikiquote.org,wikiquote,gl,Galician,open,public,public,Galician Wikiquote,2012-02-24,
276,glwikisource,gl.wikisource.org,wikisource,gl,Galician,open,public,public,Galician Wikisource,2012-02-24,
277,glwiktionary,gl.wiktionary.org,wiktionary,gl,Galician,open,public,public,Galician Wiktionary,2012-02-24,
278,gnwiki,gn.wikipedia.org,wikipedia,gn,Guarani,open,public,public,Guarani Wikipedia,2012-02-24,
279,gnwikibooks,gn.wikibooks.org,wikibooks,gn,Guarani,closed,public,public,Guarani Wikibooks,2012-02-24,2012-02-24
280,gnwiktionary,gn.wiktionary.org,wiktionary,gn,Guarani,open,public,public,Guarani Wiktionary,2012-02-24,
281,gomwiki,gom.wikipedia.org,wikipedia,gom,Goan Konkani,open,public,public,Goan Konkani Wikipedia,2015-04-24,
282,gomwiktionary,gom.wiktionary.org,wiktionary,gom,Goan Konkani,open,public,public,Goan Konkani Wiktionary,2020-04-20,
283,gorwiki,gor.wikipedia.org,wikipedia,gor,Gorontalo,open,public,public,Gorontalo Wikipedia,2018-03-07,
284,gorwiktionary,gor.wiktionary.org,wiktionary,gor,Gorontalo,open,public,public,Gorontalo Wiktionary,2023-01-04,
285,gotwiki,got.wikipedia.org,wikipedia,got,Gothic,open,public,public,Gothic Wikipedia,2012-02-24,
286,gotwikibooks,got.wikibooks.org,wikibooks,got,Gothic,closed,public,public,Gothic Wikibooks,2012-02-24,2012-02-24
287,gucwiki,guc.wikipedia.org,wikipedia,guc,Wayuu,open,public,public,Wayuu Wikipedia,2023-02-27,
288,gurwiki,gur.wikipedia.org,wikipedia,gur,Frafra,open,public,public,Farefare Wikipedia,2023-02-27,
289,guwiki,gu.wikipedia.org,wikipedia,gu,Gujarati,open,public,public,Gujarati Wikipedia,2012-02-24,
290,guwikibooks,gu.wikibooks.org,wikibooks,gu,Gujarati,closed,public,public,Gujarati Wikibooks,2012-02-24,2012-02-24
291,guwikiquote,gu.wikiquote.org,wikiquote,gu,Gujarati,open,public,public,Gujarati Wikiquote,2012-02-24,
292,guwikisource,gu.wikisource.org,wikisource,gu,Gujarati,open,public,public,Gujarati Wikisource,2012-05-08,
293,guwiktionary,gu.wiktionary.org,wiktionary,gu,Gujarati,open,public,public,Gujarati Wiktionary,2012-02-24,
294,guwwiki,guw.wikipedia.org,wikipedia,guw,Gun,open,public,public,Gun Wikipedia,2022-03-17,
295,guwwikiquote,guw.wikiquote.org,wikiquote,guw,Gun,open,public,public,Gun Wikiquote,2023-01-04,
296,guwwiktionary,guw.wiktionary.org,wiktionary,guw,Gun,open,public,public,Gun Wiktionary,2022-07-19,
297,gvwiki,gv.wikipedia.org,wikipedia,gv,Manx,open,public,public,Manx Wikipedia,2012-02-24,
298,gvwiktionary,gv.wiktionary.org,wiktionary,gv,Manx,open,public,public,Manx Wiktionary,2012-02-24,
299,hakwiki,hak.wikipedia.org,wikipedia,hak,Hakka Chinese,open,public,public,Hakka Chinese Wikipedia,2012-05-08,
300,hawiki,ha.wikipedia.org,wikipedia,ha,Hausa,open,public,public,Hausa Wikipedia,2012-02-24,
301,hawiktionary,ha.wiktionary.org,wiktionary,ha,Hausa,open,public,public,Hausa Wiktionary,2012-02-24,
302,hawwiki,haw.wikipedia.org,wikipedia,haw,Hawaiian,open,public,public,Hawaiian Wikipedia,2012-02-24,
303,hewiki,he.wikipedia.org,wikipedia,he,Hebrew,open,public,public,Hebrew Wikipedia,2012-02-24,
304,hewikibooks,he.wikibooks.org,wikibooks,he,Hebrew,open,public,public,Hebrew Wikibooks,2012-02-24,
305,hewikinews,he.wikinews.org,wikinews,he,Hebrew,open,public,public,Hebrew Wikinews,2012-02-24,
306,hewikiquote,he.wikiquote.org,wikiquote,he,Hebrew,open,public,public,Hebrew Wikiquote,2012-02-24,
307,hewikisource,he.wikisource.org,wikisource,he,Hebrew,open,public,public,Hebrew Wikisource,2012-02-24,
308,hewikivoyage,he.wikivoyage.org,wikivoyage,he,Hebrew,open,public,public,Hebrew Wikivoyage,2013-03-27,
309,hewiktionary,he.wiktionary.org,wiktionary,he,Hebrew,open,public,public,Hebrew Wiktionary,2012-02-24,
310,hifwiki,hif.wikipedia.org,wikipedia,hif,Fiji Hindi,open,public,public,Fiji Hindi Wikipedia,2012-05-08,
311,hifwiktionary,hif.wiktionary.org,wiktionary,hif,Fiji Hindi,open,public,public,Fiji Hindi Wiktionary,2017-08-20,
312,hiwiki,hi.wikipedia.org,wikipedia,hi,Hindi,open,public,public,Hindi Wikipedia,2012-02-24,
313,hiwikibooks,hi.wikibooks.org,wikibooks,hi,Hindi,open,public,public,Hindi Wikibooks,2012-02-24,
314,hiwikiquote,hi.wikiquote.org,wikiquote,hi,Hindi,open,public,public,Hindi Wikiquote,2017-08-29,
315,hiwikisource,hi.wikisource.org,wikisource,hi,Hindi,open,public,public,Hindi Wikisource,2019-03-22,
316,hiwikiversity,hi.wikiversity.org,wikiversity,hi,Hindi,open,public,public,Hindi Wikiversity,2017-07-31,
317,hiwikivoyage,hi.wikivoyage.org,wikivoyage,hi,Hindi,open,public,public,Hindi Wikivoyage,2017-08-10,
318,hiwiktionary,hi.wiktionary.org,wiktionary,hi,Hindi,open,public,public,Hindi Wiktionary,2012-02-24,
319,howiki,ho.wikipedia.org,wikipedia,ho,Hiri Motu,closed,public,public,Hiri Motu Wikipedia,2012-02-24,2012-02-24
320,hrwiki,hr.wikipedia.org,wikipedia,hr,Croatian,open,public,public,Croatian Wikipedia,2012-02-24,
321,hrwikibooks,hr.wikibooks.org,wikibooks,hr,Croatian,open,public,public,Croatian Wikibooks,2012-02-24,
322,hrwikiquote,hr.wikiquote.org,wikiquote,hr,Croatian,open,public,public,Croatian Wikiquote,2012-02-24,
323,hrwikisource,hr.wikisource.org,wikisource,hr,Croatian,open,public,public,Croatian Wikisource,2012-02-24,
324,hrwiktionary,hr.wiktionary.org,wiktionary,hr,Croatian,open,public,public,Croatian Wiktionary,2012-02-24,
325,hsbwiki,hsb.wikipedia.org,wikipedia,hsb,Upper Sorbian,open,public,public,Upper Sorbian Wikipedia,2012-02-24,
326,hsbwiktionary,hsb.wiktionary.org,wiktionary,hsb,Upper Sorbian,open,public,public,Upper Sorbian Wiktionary,2012-05-08,
327,htwiki,ht.wikipedia.org,wikipedia,ht,Haitian Creole,open,public,public,Haitian Creole Wikipedia,2012-02-24,
328,htwikisource,ht.wikisource.org,wikisource,ht,Haitian Creole,closed,public,public,Haitian Creole Wikisource,2012-02-24,2012-02-24
329,huwiki,hu.wikipedia.org,wikipedia,hu,Hungarian,open,public,public,Hungarian Wikipedia,2012-02-24,
330,huwikibooks,hu.wikibooks.org,wikibooks,hu,Hungarian,open,public,public,Hungarian Wikibooks,2012-02-24,
331,huwikinews,hu.wikinews.org,wikinews,hu,Hungarian,closed,public,public,Hungarian Wikinews,2012-05-08,2012-02-24
332,huwikiquote,hu.wikiquote.org,wikiquote,hu,Hungarian,open,public,public,Hungarian Wikiquote,2012-02-24,
333,huwikisource,hu.wikisource.org,wikisource,hu,Hungarian,open,public,public,Hungarian Wikisource,2012-02-24,
334,huwiktionary,hu.wiktionary.org,wiktionary,hu,Hungarian,open,public,public,Hungarian Wiktionary,2012-02-24,
335,hywiki,hy.wikipedia.org,wikipedia,hy,Armenian,open,public,public,Armenian Wikipedia,2012-02-24,
336,hywikibooks,hy.wikibooks.org,wikibooks,hy,Armenian,open,public,public,Armenian Wikibooks,2012-02-24,
337,hywikiquote,hy.wikiquote.org,wikiquote,hy,Armenian,open,public,public,Armenian Wikiquote,2012-02-24,
338,hywikisource,hy.wikisource.org,wikisource,hy,Armenian,open,public,public,Armenian Wikisource,2012-05-08,
339,hywiktionary,hy.wiktionary.org,wiktionary,hy,Armenian,open,public,public,Armenian Wiktionary,2012-02-24,
340,hywwiki,hyw.wikipedia.org,wikipedia,hyw,Western Armenian,open,public,public,Western Armenian Wikipedia,2019-03-30,
341,hzwiki,hz.wikipedia.org,wikipedia,hz,Herero,closed,public,public,Herero Wikipedia,2012-02-24,2012-02-24
342,iawiki,ia.wikipedia.org,wikipedia,ia,Interlingua,open,public,public,Interlingua Wikipedia,2012-02-24,
343,iawikibooks,ia.wikibooks.org,wikibooks,ia,Interlingua,open,public,public,Interlingua Wikibooks,2012-02-24,
344,iawiktionary,ia.wiktionary.org,wiktionary,ia,Interlingua,open,public,public,Interlingua Wiktionary,2012-02-24,
345,idwiki,id.wikipedia.org,wikipedia,id,Indonesian,open,public,public,Indonesian Wikipedia,2012-02-24,
346,idwikibooks,id.wikibooks.org,wikibooks,id,Indonesian,open,public,public,Indonesian Wikibooks,2012-02-24,
347,idwikiquote,id.wikiquote.org,wikiquote,id,Indonesian,open,public,public,Indonesian Wikiquote,2012-02-24,
348,idwikisource,id.wikisource.org,wikisource,id,Indonesian,open,public,public,Indonesian Wikisource,2012-02-24,
349,idwiktionary,id.wiktionary.org,wiktionary,id,Indonesian,open,public,public,Indonesian Wiktionary,2012-02-24,
350,iewiki,ie.wikipedia.org,wikipedia,ie,Interlingue,open,public,public,Interlingue Wikipedia,2012-02-24,
351,iewikibooks,ie.wikibooks.org,wikibooks,ie,Interlingue,closed,public,public,Interlingue Wikibooks,2012-02-24,2014-12-17
352,iewiktionary,ie.wiktionary.org,wiktionary,ie,Interlingue,open,public,public,Interlingue Wiktionary,2012-02-24,
353,igwiki,ig.wikipedia.org,wikipedia,ig,Igbo,open,public,public,Igbo Wikipedia,2012-02-24,
354,igwikiquote,ig.wikiquote.org,wikiquote,ig,Igbo,open,public,public,Igbo Wikiquote,2022-10-10,
355,igwiktionary,ig.wiktionary.org,wiktionary,ig,Igbo,open,public,public,Igbo Wiktionary,2022-10-10,
356,iiwiki,ii.wikipedia.org,wikipedia,ii,Sichuan Yi,closed,public,public,Sichuan Yi Wikipedia,2012-02-24,2012-02-24
357,ikwiki,ik.wikipedia.org,wikipedia,ik,Inupiaq,open,public,public,Inupiaq Wikipedia,2012-02-24,
358,ikwiktionary,ik.wiktionary.org,wiktionary,ik,Inupiaq,closed,public,public,Inupiaq Wiktionary,2012-02-24,2013-01-09
359,ilowiki,ilo.wikipedia.org,wikipedia,ilo,Iloko,open,public,public,Iloko Wikipedia,2012-02-24,
360,inhwiki,inh.wikipedia.org,wikipedia,inh,Ingush,open,public,public,Ingush Wikipedia,2018-01-07,
361,iowiki,io.wikipedia.org,wikipedia,io,Ido,open,public,public,Ido Wikipedia,2012-02-24,
362,iowiktionary,io.wiktionary.org,wiktionary,io,Ido,open,public,public,Ido Wiktionary,2012-02-24,
363,iswiki,is.wikipedia.org,wikipedia,is,Icelandic,open,public,public,Icelandic Wikipedia,2012-02-24,
364,iswikibooks,is.wikibooks.org,wikibooks,is,Icelandic,open,public,public,Icelandic Wikibooks,2012-02-24,
365,iswikiquote,is.wikiquote.org,wikiquote,is,Icelandic,open,public,public,Icelandic Wikiquote,2012-02-24,
366,iswikisource,is.wikisource.org,wikisource,is,Icelandic,open,public,public,Icelandic Wikisource,2012-02-24,
367,iswiktionary,is.wiktionary.org,wiktionary,is,Icelandic,open,public,public,Icelandic Wiktionary,2012-02-24,
368,itwiki,it.wikipedia.org,wikipedia,it,Italian,open,public,public,Italian Wikipedia,2012-02-24,
369,itwikibooks,it.wikibooks.org,wikibooks,it,Italian,open,public,public,Italian Wikibooks,2012-02-24,
370,itwikinews,it.wikinews.org,wikinews,it,Italian,open,public,public,Italian Wikinews,2012-02-24,
371,itwikiquote,it.wikiquote.org,wikiquote,it,Italian,open,public,public,Italian Wikiquote,2012-02-24,
372,itwikisource,it.wikisource.org,wikisource,it,Italian,open,public,public,Italian Wikisource,2012-02-24,
373,itwikiversity,it.wikiversity.org,wikiversity,it,Italian,open,public,public,Italian Wikiversity,2012-05-08,
374,itwikivoyage,it.wikivoyage.org,wikivoyage,it,Italian,open,public,public,Italian Wikivoyage,2012-11-06,
375,itwiktionary,it.wiktionary.org,wiktionary,it,Italian,open,public,public,Italian Wiktionary,2012-02-24,
376,iuwiki,iu.wikipedia.org,wikipedia,iu,Inuktitut,open,public,public,Inuktitut Wikipedia,2012-02-24,
377,iuwiktionary,iu.wiktionary.org,wiktionary,iu,Inuktitut,open,public,public,Inuktitut Wiktionary,2012-02-24,
378,jamwiki,jam.wikipedia.org,wikipedia,jam,Jamaican Creole English,open,public,public,Jamaican Patois Wikipedia,2016-04-29,
379,jawiki,ja.wikipedia.org,wikipedia,ja,Japanese,open,public,public,Japanese Wikipedia,2012-02-24,
380,jawikibooks,ja.wikibooks.org,wikibooks,ja,Japanese,open,public,public,Japanese Wikibooks,2012-02-24,
381,jawikinews,ja.wikinews.org,wikinews,ja,Japanese,open,public,public,Japanese Wikinews,2012-02-24,
382,jawikiquote,ja.wikiquote.org,wikiquote,ja,Japanese,open,public,public,Japanese Wikiquote,2012-02-24,
383,jawikisource,ja.wikisource.org,wikisource,ja,Japanese,open,public,public,Japanese Wikisource,2012-02-24,
384,jawikiversity,ja.wikiversity.org,wikiversity,ja,Japanese,open,public,public,Japanese Wikiversity,2012-05-08,
385,jawikivoyage,ja.wikivoyage.org,wikivoyage,ja,Japanese,open,public,public,Japanese Wikivoyage,2020-08-27,
386,jawiktionary,ja.wiktionary.org,wiktionary,ja,Japanese,open,public,public,Japanese Wiktionary,2012-02-24,
387,jbowiki,jbo.wikipedia.org,wikipedia,jbo,Lojban,open,public,public,Lojban Wikipedia,2012-02-24,
388,jbowiktionary,jbo.wiktionary.org,wiktionary,jbo,Lojban,open,public,public,Lojban Wiktionary,2012-02-24,
389,jvwiki,jv.wikipedia.org,wikipedia,jv,Javanese,open,public,public,Javanese Wikipedia,2012-02-24,
390,jvwikisource,jv.wikisource.org,wikisource,jv,Javanese,open,public,public,Javanese Wikisource,2021-08-04,
391,jvwiktionary,jv.wiktionary.org,wiktionary,jv,Javanese,open,public,public,Javanese Wiktionary,2012-02-24,
392,kaawiki,kaa.wikipedia.org,wikipedia,kaa,Kara-Kalpak,open,public,public,Kara-Kalpak Wikipedia,2012-05-08,
393,kabwiki,kab.wikipedia.org,wikipedia,kab,Kabyle,open,public,public,Kabyle Wikipedia,2012-05-08,
394,kawiki,ka.wikipedia.org,wikipedia,ka,Georgian,open,public,public,Georgian Wikipedia,2012-02-24,
395,kawikibooks,ka.wikibooks.org,wikibooks,ka,Georgian,open,public,public,Georgian Wikibooks,2012-02-24,
396,kawikiquote,ka.wikiquote.org,wikiquote,ka,Georgian,open,public,public,Georgian Wikiquote,2012-02-24,
397,kawiktionary,ka.wiktionary.org,wiktionary,ka,Georgian,open,public,public,Georgian Wiktionary,2012-02-24,
398,kbdwiki,kbd.wikipedia.org,wikipedia,kbd,Kabardian,open,public,public,Kabardian Wikipedia,2012-05-08,
399,kbpwiki,kbp.wikipedia.org,wikipedia,kbp,Kabiye,open,public,public,Kabiyè Wikipedia,2017-06-22,
400,kcgwiki,kcg.wikipedia.org,wikipedia,kcg,Tyap,open,public,public,Tyap Wikipedia,2022-05-12,
401,kgwiki,kg.wikipedia.org,wikipedia,kg,Kongo,open,public,public,Kongo Wikipedia,2012-02-24,
402,kiwiki,ki.wikipedia.org,wikipedia,ki,Kikuyu,open,public,public,Kikuyu Wikipedia,2012-02-24,
403,kjwiki,kj.wikipedia.org,wikipedia,kj,Kuanyama,closed,public,public,Kuanyama Wikipedia,2012-02-24,2012-02-24
404,kkwiki,kk.wikipedia.org,wikipedia,kk,Kazakh,open,public,public,Kazakh Wikipedia,2012-02-24,
405,kkwikibooks,kk.wikibooks.org,wikibooks,kk,Kazakh,open,public,public,Kazakh Wikibooks,2012-02-24,
406,kkwikiquote,kk.wikiquote.org,wikiquote,kk,Kazakh,closed,public,public,Kazakh Wikiquote,2012-02-24,2012-02-24
407,kkwiktionary,kk.wiktionary.org,wiktionary,kk,Kazakh,open,public,public,Kazakh Wiktionary,2012-02-24,
408,klwiki,kl.wikipedia.org,wikipedia,kl,Kalaallisut,open,public,public,Kalaallisut Wikipedia,2012-02-24,
409,klwiktionary,kl.wiktionary.org,wiktionary,kl,Kalaallisut,open,public,public,Kalaallisut Wiktionary,2012-02-24,
410,kmwiki,km.wikipedia.org,wikipedia,km,Khmer,open,public,public,Khmer Wikipedia,2012-02-24,
411,kmwikibooks,km.wikibooks.org,wikibooks,km,Khmer,open,public,public,Khmer Wikibooks,2012-02-24,
412,kmwiktionary,km.wiktionary.org,wiktionary,km,Khmer,open,public,public,Khmer Wiktionary,2012-02-24,
413,knwiki,kn.wikipedia.org,wikipedia,kn,Kannada,open,public,public,Kannada Wikipedia,2012-02-24,
414,knwikibooks,kn.wikibooks.org,wikibooks,kn,Kannada,closed,public,public,Kannada Wikibooks,2012-02-24,2012-02-24
415,knwikiquote,kn.wikiquote.org,wikiquote,kn,Kannada,open,public,public,Kannada Wikiquote,2012-02-24,
416,knwikisource,kn.wikisource.org,wikisource,kn,Kannada,open,public,public,Kannada Wikisource,2012-02-24,
417,knwiktionary,kn.wiktionary.org,wiktionary,kn,Kannada,open,public,public,Kannada Wiktionary,2012-02-24,
418,koiwiki,koi.wikipedia.org,wikipedia,koi,Komi-Permyak,open,public,public,Komi-Permyak Wikipedia,2012-05-08,
419,kowiki,ko.wikipedia.org,wikipedia,ko,Korean,open,public,public,Korean Wikipedia,2012-02-24,
420,kowikibooks,ko.wikibooks.org,wikibooks,ko,Korean,open,public,public,Korean Wikibooks,2012-02-24,
421,kowikinews,ko.wikinews.org,wikinews,ko,Korean,open,public,public,Korean Wikinews,2012-05-08,
422,kowikiquote,ko.wikiquote.org,wikiquote,ko,Korean,open,public,public,Korean Wikiquote,2012-02-24,
423,kowikisource,ko.wikisource.org,wikisource,ko,Korean,open,public,public,Korean Wikisource,2012-02-24,
424,kowikiversity,ko.wikiversity.org,wikiversity,ko,Korean,open,public,public,Korean Wikiversity,2013-02-06,
425,kowiktionary,ko.wiktionary.org,wiktionary,ko,Korean,open,public,public,Korean Wiktionary,2012-02-24,
426,krcwiki,krc.wikipedia.org,wikipedia,krc,Karachay-Balkar,open,public,public,Karachay-Balkar Wikipedia,2012-05-08,
427,krwiki,kr.wikipedia.org,wikipedia,kr,Kanuri,closed,public,public,Kanuri Wikipedia,2012-02-24,2012-02-24
428,krwikiquote,kr.wikiquote.org,wikiquote,kr,Kanuri,closed,public,public,Kanuri Wikiquote,2012-02-24,2012-02-24
429,kshwiki,ksh.wikipedia.org,wikipedia,ksh,Colognian,open,public,public,Colognian Wikipedia,2012-02-24,
430,kswiki,ks.wikipedia.org,wikipedia,ks,Kashmiri,open,public,public,Kashmiri Wikipedia,2012-02-24,
431,kswikibooks,ks.wikibooks.org,wikibooks,ks,Kashmiri,closed,public,public,Kashmiri Wikibooks,2012-02-24,2012-02-24
432,kswikiquote,ks.wikiquote.org,wikiquote,ks,Kashmiri,closed,public,public,Kashmiri Wikiquote,2012-02-24,2012-02-24
433,kswiktionary,ks.wiktionary.org,wiktionary,ks,Kashmiri,open,public,public,Kashmiri Wiktionary,2012-02-24,
434,kuwiki,ku.wikipedia.org,wikipedia,ku,Kurdish,open,public,public,Kurdish Wikipedia,2012-02-24,
435,kuwikibooks,ku.wikibooks.org,wikibooks,ku,Kurdish,open,public,public,Kurdish Wikibooks,2012-02-24,
436,kuwikiquote,ku.wikiquote.org,wikiquote,ku,Kurdish,open,public,public,Kurdish Wikiquote,2012-02-24,
437,kuwiktionary,ku.wiktionary.org,wiktionary,ku,Kurdish,open,public,public,Kurdish Wiktionary,2012-02-24,
438,kvwiki,kv.wikipedia.org,wikipedia,kv,Komi,open,public,public,Komi Wikipedia,2012-02-24,
439,kwwiki,kw.wikipedia.org,wikipedia,kw,Cornish,open,public,public,Cornish Wikipedia,2012-02-24,
440,kwwikiquote,kw.wikiquote.org,wikiquote,kw,Cornish,closed,public,public,Cornish Wikiquote,2012-02-24,2012-02-24
441,kwwiktionary,kw.wiktionary.org,wiktionary,kw,Cornish,open,public,public,Cornish Wiktionary,2012-02-24,
442,kywiki,ky.wikipedia.org,wikipedia,ky,Kyrgyz,open,public,public,Kyrgyz Wikipedia,2012-02-24,
443,kywikibooks,ky.wikibooks.org,wikibooks,ky,Kyrgyz,open,public,public,Kyrgyz Wikibooks,2012-02-24,
444,kywikiquote,ky.wikiquote.org,wikiquote,ky,Kyrgyz,open,public,public,Kyrgyz Wikiquote,2012-02-24,
445,kywiktionary,ky.wiktionary.org,wiktionary,ky,Kyrgyz,open,public,public,Kyrgyz Wiktionary,2012-02-24,
446,ladwiki,lad.wikipedia.org,wikipedia,lad,Ladino,open,public,public,Ladino Wikipedia,2012-02-24,
447,lawiki,la.wikipedia.org,wikipedia,la,Latin,open,public,public,Latin Wikipedia,2012-02-24,
448,lawikibooks,la.wikibooks.org,wikibooks,la,Latin,open,public,public,Latin Wikibooks,2012-02-24,
449,lawikiquote,la.wikiquote.org,wikiquote,la,Latin,open,public,public,Latin Wikiquote,2012-02-24,
450,lawikisource,la.wikisource.org,wikisource,la,Latin,open,public,public,Latin Wikisource,2012-02-24,
451,lawiktionary,la.wiktionary.org,wiktionary,la,Latin,open,public,public,Latin Wiktionary,2012-02-24,
452,lbewiki,lbe.wikipedia.org,wikipedia,lbe,Lak,open,public,public,Laki Wikipedia,2012-02-24,
453,lbwiki,lb.wikipedia.org,wikipedia,lb,Luxembourgish,open,public,public,Luxembourgish Wikipedia,2012-02-24,
454,lbwikibooks,lb.wikibooks.org,wikibooks,lb,Luxembourgish,closed,public,public,Luxembourgish Wikibooks,2012-02-24,2012-02-24
455,lbwikiquote,lb.wikiquote.org,wikiquote,lb,Luxembourgish,closed,public,public,Luxembourgish Wikiquote,2012-02-24,2012-02-24
456,lbwiktionary,lb.wiktionary.org,wiktionary,lb,Luxembourgish,open,public,public,Luxembourgish Wiktionary,2012-02-24,
457,lezwiki,lez.wikipedia.org,wikipedia,lez,Lezghian,open,public,public,Lezghian Wikipedia,2012-05-08,
458,lfnwiki,lfn.wikipedia.org,wikipedia,lfn,Lingua Franca Nova,open,public,public,Lingua Franca Nova Wikipedia,2017-12-26,
459,lgwiki,lg.wikipedia.org,wikipedia,lg,Ganda,open,public,public,Ganda Wikipedia,2012-02-24,
460,lijwiki,lij.wikipedia.org,wikipedia,lij,Ligurian,open,public,public,Ligurian Wikipedia,2012-02-24,
461,lijwikisource,lij.wikisource.org,wikisource,lij,Ligurian,open,public,public,Ligurian Wikisource,2020-07-10,
462,liwiki,li.wikipedia.org,wikipedia,li,Limburgish,open,public,public,Limburgish Wikipedia,2012-02-24,
463,liwikibooks,li.wikibooks.org,wikibooks,li,Limburgish,open,public,public,Limburgish Wikibooks,2012-05-08,
464,liwikinews,li.wikinews.org,wikinews,li,Limburgish,open,public,public,Limburgish Wikinews,2018-09-28,
465,liwikiquote,li.wikiquote.org,wikiquote,li,Limburgish,open,public,public,Limburgish Wikiquote,2012-05-08,
466,liwikisource,li.wikisource.org,wikisource,li,Limburgish,open,public,public,Limburgish Wikisource,2012-05-08,
467,liwiktionary,li.wiktionary.org,wiktionary,li,Limburgish,open,public,public,Limburgish Wiktionary,2012-02-24,
468,lldwiki,lld.wikipedia.org,wikipedia,lld,Ladin,open,public,public,Ladin Wikipedia,2020-08-02,
469,lmowiki,lmo.wikipedia.org,wikipedia,lmo,Lombard,open,public,public,Lombard Wikipedia,2012-02-24,
470,lmowiktionary,lmo.wiktionary.org,wiktionary,lmo,Lombard,open,public,public,Lombard Wiktionary,2021-10-23,
471,lnwiki,ln.wikipedia.org,wikipedia,ln,Lingala,open,public,public,Lingala Wikipedia,2012-02-24,
472,lnwikibooks,ln.wikibooks.org,wikibooks,ln,Lingala,closed,public,public,Lingala Wikibooks,2012-02-24,2012-02-24
473,lnwiktionary,ln.wiktionary.org,wiktionary,ln,Lingala,open,public,public,Lingala Wiktionary,2012-02-24,
474,lowiki,lo.wikipedia.org,wikipedia,lo,Lao,open,public,public,Lao Wikipedia,2012-02-24,
475,lowiktionary,lo.wiktionary.org,wiktionary,lo,Lao,open,public,public,Lao Wiktionary,2012-02-24,
476,lrcwiki,lrc.wikipedia.org,wikipedia,lrc,Northern Luri,closed,public,public,Northern Luri Wikipedia,2015-06-10,2021-01-13
477,ltgwiki,ltg.wikipedia.org,wikipedia,ltg,Latgalian,open,public,public,Latgalian Wikipedia,2012-05-08,
478,ltwiki,lt.wikipedia.org,wikipedia,lt,Lithuanian,open,public,public,Lithuanian Wikipedia,2012-02-24,
479,ltwikibooks,lt.wikibooks.org,wikibooks,lt,Lithuanian,open,public,public,Lithuanian Wikibooks,2012-02-24,
480,ltwikiquote,lt.wikiquote.org,wikiquote,lt,Lithuanian,open,public,public,Lithuanian Wikiquote,2012-02-24,
481,ltwikisource,lt.wikisource.org,wikisource,lt,Lithuanian,open,public,public,Lithuanian Wikisource,2012-02-24,
482,ltwiktionary,lt.wiktionary.org,wiktionary,lt,Lithuanian,open,public,public,Lithuanian Wiktionary,2012-02-24,
483,lvwiki,lv.wikipedia.org,wikipedia,lv,Latvian,open,public,public,Latvian Wikipedia,2012-02-24,
484,lvwikibooks,lv.wikibooks.org,wikibooks,lv,Latvian,closed,public,public,Latvian Wikibooks,2012-02-24,2012-02-24
485,lvwiktionary,lv.wiktionary.org,wiktionary,lv,Latvian,open,public,public,Latvian Wiktionary,2012-02-24,
486,madwiki,mad.wikipedia.org,wikipedia,mad,Madurese,open,public,public,Madurese Wikipedia,2020-12-15,
487,maiwiki,mai.wikipedia.org,wikipedia,mai,Maithili,open,public,public,Maithili Wikipedia,2014-10-29,
488,map_bmswiki,map-bms.wikipedia.org,wikipedia,map-bms,Banyumasan,open,public,public,Basa Banyumasan Wikipedia,2012-02-24,
489,mdfwiki,mdf.wikipedia.org,wikipedia,mdf,Moksha,open,public,public,Moksha Wikipedia,2012-05-08,
490,mgwiki,mg.wikipedia.org,wikipedia,mg,Malagasy,open,public,public,Malagasy Wikipedia,2012-02-24,
491,mgwikibooks,mg.wikibooks.org,wikibooks,mg,Malagasy,open,public,public,Malagasy Wikibooks,2012-02-24,
492,mgwiktionary,mg.wiktionary.org,wiktionary,mg,Malagasy,open,public,public,Malagasy Wiktionary,2012-02-24,
493,mhrwiki,mhr.wikipedia.org,wikipedia,mhr,Eastern Mari,open,public,public,Eastern Mari Wikipedia,2012-05-08,
494,mhwiki,mh.wikipedia.org,wikipedia,mh,Marshallese,closed,public,public,Marshallese Wikipedia,2012-02-24,2012-02-24
495,mhwiktionary,mh.wiktionary.org,wiktionary,mh,Marshallese,closed,public,public,Marshallese Wiktionary,2012-02-24,2012-02-24
496,minwiki,min.wikipedia.org,wikipedia,min,Minangkabau,open,public,public,Minangkabau Wikipedia,2013-02-06,
497,minwiktionary,min.wiktionary.org,wiktionary,min,Minangkabau,open,public,public,Minangkabau Wiktionary,2019-11-20,
498,miwiki,mi.wikipedia.org,wikipedia,mi,Māori,open,public,public,Maori Wikipedia,2012-02-24,
499,miwikibooks,mi.wikibooks.org,wikibooks,mi,Māori,closed,public,public,Maori Wikibooks,2012-02-24,2012-02-24
500,miwiktionary,mi.wiktionary.org,wiktionary,mi,Māori,open,public,public,Maori Wiktionary,2012-02-24,
501,mkwiki,mk.wikipedia.org,wikipedia,mk,Macedonian,open,public,public,Macedonian Wikipedia,2012-02-24,
502,mkwikibooks,mk.wikibooks.org,wikibooks,mk,Macedonian,open,public,public,Macedonian Wikibooks,2012-02-24,
503,mkwikisource,mk.wikisource.org,wikisource,mk,Macedonian,open,public,public,Macedonian Wikisource,2012-02-24,
504,mkwiktionary,mk.wiktionary.org,wiktionary,mk,Macedonian,open,public,public,Macedonian Wiktionary,2012-02-24,
505,mlwiki,ml.wikipedia.org,wikipedia,ml,Malayalam,open,public,public,Malayalam Wikipedia,2012-02-24,
506,mlwikibooks,ml.wikibooks.org,wikibooks,ml,Malayalam,open,public,public,Malayalam Wikibooks,2012-02-24,
507,mlwikiquote,ml.wikiquote.org,wikiquote,ml,Malayalam,open,public,public,Malayalam Wikiquote,2012-02-24,
508,mlwikisource,ml.wikisource.org,wikisource,ml,Malayalam,open,public,public,Malayalam Wikisource,2012-02-24,
509,mlwiktionary,ml.wiktionary.org,wiktionary,ml,Malayalam,open,public,public,Malayalam Wiktionary,2012-02-24,
510,mniwiki,mni.wikipedia.org,wikipedia,mni,Manipuri,open,public,public,Meitei Wikipedia,2021-02-22,
511,mniwiktionary,mni.wiktionary.org,wiktionary,mni,Manipuri,open,public,public,Meetei Wiktionary,2021-02-22,
512,mnwiki,mn.wikipedia.org,wikipedia,mn,Mongolian,open,public,public,Mongolian Wikipedia,2012-02-24,
513,mnwikibooks,mn.wikibooks.org,wikibooks,mn,Mongolian,closed,public,public,Mongolian Wikibooks,2012-02-24,2012-02-24
514,mnwiktionary,mn.wiktionary.org,wiktionary,mn,Mongolian,open,public,public,Mongolian Wiktionary,2012-02-24,
515,mnwwiki,mnw.wikipedia.org,wikipedia,mnw,Mon,open,public,public,Mon Wikipedia,2019-10-17,
516,mnwwiktionary,mnw.wiktionary.org,wiktionary,mnw,Mon,open,public,public,Mon Wiktionary,2021-03-16,
517,mrjwiki,mrj.wikipedia.org,wikipedia,mrj,Western Mari,open,public,public,Western Mari Wikipedia,2012-05-08,
518,mrwiki,mr.wikipedia.org,wikipedia,mr,Marathi,open,public,public,Marathi Wikipedia,2012-02-24,
519,mrwikibooks,mr.wikibooks.org,wikibooks,mr,Marathi,open,public,public,Marathi Wikibooks,2012-02-24,
520,mrwikiquote,mr.wikiquote.org,wikiquote,mr,Marathi,open,public,public,Marathi Wikiquote,2012-02-24,
521,mrwikisource,mr.wikisource.org,wikisource,mr,Marathi,open,public,public,Marathi Wikisource,2012-05-08,
522,mrwiktionary,mr.wiktionary.org,wiktionary,mr,Marathi,open,public,public,Marathi Wiktionary,2012-02-24,
523,mswiki,ms.wikipedia.org,wikipedia,ms,Malay,open,public,public,Malay Wikipedia,2012-02-24,
524,mswikibooks,ms.wikibooks.org,wikibooks,ms,Malay,open,public,public,Malay Wikibooks,2012-02-24,
525,mswiktionary,ms.wiktionary.org,wiktionary,ms,Malay,open,public,public,Malay Wiktionary,2012-02-24,
526,mtwiki,mt.wikipedia.org,wikipedia,mt,Maltese,open,public,public,Maltese Wikipedia,2012-02-24,
527,mtwiktionary,mt.wiktionary.org,wiktionary,mt,Maltese,open,public,public,Maltese Wiktionary,2012-02-24,
528,muswiki,mus.wikipedia.org,wikipedia,mus,Muscogee,closed,public,public,Creek Wikipedia,2012-02-24,2012-02-24
529,mwlwiki,mwl.wikipedia.org,wikipedia,mwl,Mirandese,open,public,public,Mirandese Wikipedia,2012-05-08,
530,myvwiki,myv.wikipedia.org,wikipedia,myv,Erzya,open,public,public,Erzya Wikipedia,2012-05-08,
531,mywiki,my.wikipedia.org,wikipedia,my,Burmese,open,public,public,Burmese Wikipedia,2012-02-24,
532,mywikibooks,my.wikibooks.org,wikibooks,my,Burmese,closed,public,public,Burmese Wikibooks,2012-02-24,2012-02-24
533,mywiktionary,my.wiktionary.org,wiktionary,my,Burmese,open,public,public,Burmese Wiktionary,2012-02-24,
534,mznwiki,mzn.wikipedia.org,wikipedia,mzn,Mazanderani,open,public,public,Mazanderani Wikipedia,2012-02-24,
535,nahwiki,nah.wikipedia.org,wikipedia,nah,Nahuatl,open,public,public,Nāhuatl Wikipedia,2012-02-24,
536,nahwikibooks,nah.wikibooks.org,wikibooks,nah,Nahuatl,closed,public,public,Nāhuatl Wikibooks,2012-02-24,2012-02-24
537,nahwiktionary,nah.wiktionary.org,wiktionary,nah,Nahuatl,open,public,public,Nāhuatl Wiktionary,2012-02-24,
538,napwiki,nap.wikipedia.org,wikipedia,nap,Neapolitan,open,public,public,Neapolitan Wikipedia,2012-02-24,
539,napwikisource,nap.wikisource.org,wikisource,nap,Neapolitan,open,public,public,Neapolitan Wikisource,2018-12-11,
540,nawiki,na.wikipedia.org,wikipedia,na,Nauru,open,public,public,Nauru Wikipedia,2012-02-24,2023-05-01
541,nawikibooks,na.wikibooks.org,wikibooks,na,Nauru,closed,public,public,Nauru Wikibooks,2012-02-24,2012-02-24
542,nawikiquote,na.wikiquote.org,wikiquote,na,Nauru,closed,public,public,Nauru Wikiquote,2012-02-24,2012-02-24
543,nawiktionary,na.wiktionary.org,wiktionary,na,Nauru,open,public,public,Nauru Wiktionary,2012-02-24,
544,nds_nlwiki,nds-nl.wikipedia.org,wikipedia,nds-nl,Low Saxon,open,public,public,Low Saxon Wikipedia,2012-02-24,
545,ndswiki,nds.wikipedia.org,wikipedia,nds,Low German,open,public,public,Low German Wikipedia,2012-02-24,
546,ndswikibooks,nds.wikibooks.org,wikibooks,nds,Low German,closed,public,public,Low German Wikibooks,2012-02-24,2012-02-24
547,ndswikiquote,nds.wikiquote.org,wikiquote,nds,Low German,closed,public,public,Low German Wikiquote,2012-02-24,2012-02-24
548,ndswiktionary,nds.wiktionary.org,wiktionary,nds,Low German,open,public,public,Low German Wiktionary,2012-02-24,
549,newiki,ne.wikipedia.org,wikipedia,ne,Nepali,open,public,public,Nepali Wikipedia,2012-02-24,
550,newikibooks,ne.wikibooks.org,wikibooks,ne,Nepali,open,public,public,Nepali Wikibooks,2012-02-24,
551,newiktionary,ne.wiktionary.org,wiktionary,ne,Nepali,open,public,public,Nepali Wiktionary,2012-02-24,
552,newwiki,new.wikipedia.org,wikipedia,new,Newari,open,public,public,Newari Wikipedia,2012-02-24,
553,ngwiki,ng.wikipedia.org,wikipedia,ng,Ndonga,closed,public,public,Ndonga Wikipedia,2012-02-24,2012-02-24
554,niawiki,nia.wikipedia.org,wikipedia,nia,Nias,open,public,public,Nias Wikipedia,2021-01-11,
555,niawiktionary,nia.wiktionary.org,wiktionary,nia,Nias,open,public,public,Nias Wiktionary,2021-01-11,
556,nlwiki,nl.wikipedia.org,wikipedia,nl,Dutch,open,public,public,Dutch Wikipedia,2012-02-24,
557,nlwikibooks,nl.wikibooks.org,wikibooks,nl,Dutch,open,public,public,Dutch Wikibooks,2012-02-24,
558,nlwikinews,nl.wikinews.org,wikinews,nl,Dutch,open,public,public,Dutch Wikinews,2012-02-24,
559,nlwikiquote,nl.wikiquote.org,wikiquote,nl,Dutch,open,public,public,Dutch Wikiquote,2012-02-24,
560,nlwikisource,nl.wikisource.org,wikisource,nl,Dutch,open,public,public,Dutch Wikisource,2012-02-24,
561,nlwikivoyage,nl.wikivoyage.org,wikivoyage,nl,Dutch,open,public,public,Dutch Wikivoyage,2012-11-06,
562,nlwiktionary,nl.wiktionary.org,wiktionary,nl,Dutch,open,public,public,Dutch Wiktionary,2012-02-24,
563,nnwiki,nn.wikipedia.org,wikipedia,nn,Norwegian Nynorsk,open,public,public,Norwegian Nynorsk Wikipedia,2012-02-24,
564,nnwikiquote,nn.wikiquote.org,wikiquote,nn,Norwegian Nynorsk,open,public,public,Norwegian Nynorsk Wikiquote,2012-02-24,
565,nnwiktionary,nn.wiktionary.org,wiktionary,nn,Norwegian Nynorsk,open,public,public,Norwegian Nynorsk Wiktionary,2012-02-24,
566,novwiki,nov.wikipedia.org,wikipedia,nov,Novial,open,public,public,Novial Wikipedia,2012-02-24,
567,nowiki,no.wikipedia.org,wikipedia,no,Norwegian,open,public,public,Norwegian Bokmål Wikipedia,2012-02-24,
568,nowikibooks,no.wikibooks.org,wikibooks,no,Norwegian,open,public,public,Norwegian Wikibooks,2012-02-24,
569,nowikinews,no.wikinews.org,wikinews,no,Norwegian,open,public,public,Norwegian Wikinews,2012-02-24,
570,nowikiquote,no.wikiquote.org,wikiquote,no,Norwegian,open,public,public,Norwegian Bokmål Wikiquote,2012-02-24,
571,nowikisource,no.wikisource.org,wikisource,no,Norwegian,open,public,public,Norwegian Wikisource,2012-02-24,
572,nowiktionary,no.wiktionary.org,wiktionary,no,Norwegian,open,public,public,Norwegian Bokmål Wiktionary,2012-02-24,
573,nqowiki,nqo.wikipedia.org,wikipedia,nqo,N’Ko,open,public,public,N'Ko Wikipedia,2019-09-25,
574,nrmwiki,nrm.wikipedia.org,wikipedia,nrm,Norman,open,public,public,Nouormand Wikipedia,2012-02-24,
575,nsowiki,nso.wikipedia.org,wikipedia,nso,Northern Sotho,open,public,public,Northern Sotho Wikipedia,2012-05-08,
576,nvwiki,nv.wikipedia.org,wikipedia,nv,Navajo,open,public,public,Navajo Wikipedia,2012-02-24,
577,nywiki,ny.wikipedia.org,wikipedia,ny,Nyanja,open,public,public,Nyanja Wikipedia,2012-02-24,
578,ocwiki,oc.wikipedia.org,wikipedia,oc,Occitan,open,public,public,Occitan Wikipedia,2012-02-24,
579,ocwikibooks,oc.wikibooks.org,wikibooks,oc,Occitan,open,public,public,Occitan Wikibooks,2012-02-24,
580,ocwiktionary,oc.wiktionary.org,wiktionary,oc,Occitan,open,public,public,Occitan Wiktionary,2012-02-24,
581,olowiki,olo.wikipedia.org,wikipedia,olo,Livvi-Karelian,open,public,public,Livvi-Karelian Wikipedia,2016-09-26,
582,omwiki,om.wikipedia.org,wikipedia,om,Oromo,open,public,public,Oromo Wikipedia,2012-02-24,
583,omwiktionary,om.wiktionary.org,wiktionary,om,Oromo,open,public,public,Oromo Wiktionary,2012-02-24,
584,orwiki,or.wikipedia.org,wikipedia,or,Odia,open,public,public,Oriya Wikipedia,2012-02-24,
585,orwikisource,or.wikisource.org,wikisource,or,Odia,open,public,public,Oriya Wikisource,2014-10-19,
586,orwiktionary,or.wiktionary.org,wiktionary,or,Odia,open,public,public,Oriya Wiktionary,2012-02-24,
587,oswiki,os.wikipedia.org,wikipedia,os,Ossetic,open,public,public,Ossetic Wikipedia,2012-02-24,
588,pagwiki,pag.wikipedia.org,wikipedia,pag,Pangasinan,open,public,public,Pangasinan Wikipedia,2012-02-24,
589,pamwiki,pam.wikipedia.org,wikipedia,pam,Pampanga,open,public,public,Pampanga Wikipedia,2012-02-24,
590,papwiki,pap.wikipedia.org,wikipedia,pap,Papiamento,open,public,public,Papiamento Wikipedia,2012-02-24,
591,pawiki,pa.wikipedia.org,wikipedia,pa,Punjabi,open,public,public,Punjabi Wikipedia,2012-02-24,
592,pawikibooks,pa.wikibooks.org,wikibooks,pa,Punjabi,open,public,public,Punjabi Wikibooks,2012-02-24,
593,pawikisource,pa.wikisource.org,wikisource,pa,Punjabi,open,public,public,Punjabi Wikisource,2017-04-13,
594,pawiktionary,pa.wiktionary.org,wiktionary,pa,Punjabi,open,public,public,Punjabi Wiktionary,2012-02-24,
595,pcdwiki,pcd.wikipedia.org,wikipedia,pcd,Picard,open,public,public,Picard Wikipedia,2012-05-08,
596,pcmwiki,pcm.wikipedia.org,wikipedia,pcm,Nigerian Pidgin,open,public,public,Nigerian Pidgin Wikipedia,2022-07-19,
597,pdcwiki,pdc.wikipedia.org,wikipedia,pdc,Pennsylvania German,open,public,public,Pennsylvania German Wikipedia,2012-02-24,
598,pflwiki,pfl.wikipedia.org,wikipedia,pfl,Palatine German,open,public,public,Palatine German Wikipedia,2012-05-08,
599,pihwiki,pih.wikipedia.org,wikipedia,pih,Norfuk-Pitkern,open,public,public,Norfuk / Pitkern Wikipedia,2012-02-24,
600,piwiki,pi.wikipedia.org,wikipedia,pi,Pali,open,public,public,Pali Wikipedia,2012-02-24,
601,piwiktionary,pi.wiktionary.org,wiktionary,pi,Pali,closed,public,public,Pali Wiktionary,2012-02-24,2012-02-24
602,plwiki,pl.wikipedia.org,wikipedia,pl,Polish,open,public,public,Polish Wikipedia,2012-02-24,
603,plwikibooks,pl.wikibooks.org,wikibooks,pl,Polish,open,public,public,Polish Wikibooks,2012-02-24,
604,plwikinews,pl.wikinews.org,wikinews,pl,Polish,open,public,public,Polish Wikinews,2012-02-24,
605,plwikiquote,pl.wikiquote.org,wikiquote,pl,Polish,open,public,public,Polish Wikiquote,2012-02-24,
606,plwikisource,pl.wikisource.org,wikisource,pl,Polish,open,public,public,Polish Wikisource,2012-02-24,
607,plwikivoyage,pl.wikivoyage.org,wikivoyage,pl,Polish,open,public,public,Polish Wikivoyage,2013-02-06,
608,plwiktionary,pl.wiktionary.org,wiktionary,pl,Polish,open,public,public,Polish Wiktionary,2012-02-24,
609,pmswiki,pms.wikipedia.org,wikipedia,pms,Piedmontese,open,public,public,Piedmontese Wikipedia,2012-02-24,
610,pmswikisource,pms.wikisource.org,wikisource,pms,Piedmontese,open,public,public,Piedmontese Wikisource,2018-05-18,
611,pnbwiki,pnb.wikipedia.org,wikipedia,pnb,Western Punjabi,open,public,public,Western Punjabi Wikipedia,2012-05-08,
612,pnbwiktionary,pnb.wiktionary.org,wiktionary,pnb,Western Punjabi,open,public,public,Western Punjabi Wiktionary,2012-05-08,
613,pntwiki,pnt.wikipedia.org,wikipedia,pnt,Pontic,open,public,public,Pontic Wikipedia,2012-05-08,
614,pswiki,ps.wikipedia.org,wikipedia,ps,Pashto,open,public,public,Pashto Wikipedia,2012-02-24,
615,pswikibooks,ps.wikibooks.org,wikibooks,ps,Pashto,closed,public,public,Pashto Wikibooks,2012-02-24,2012-02-24
616,pswikivoyage,ps.wikivoyage.org,wikivoyage,ps,Pashto,open,public,public,Pashto Wikivoyage,2018-06-04,
617,pswiktionary,ps.wiktionary.org,wiktionary,ps,Pashto,open,public,public,Pashto Wiktionary,2012-02-24,
618,ptwiki,pt.wikipedia.org,wikipedia,pt,Portuguese,open,public,public,Portuguese Wikipedia,2012-02-24,
619,ptwikibooks,pt.wikibooks.org,wikibooks,pt,Portuguese,open,public,public,Portuguese Wikibooks,2012-02-24,
620,ptwikinews,pt.wikinews.org,wikinews,pt,Portuguese,open,public,public,Portuguese Wikinews,2012-02-24,
621,ptwikiquote,pt.wikiquote.org,wikiquote,pt,Portuguese,open,public,public,Portuguese Wikiquote,2012-02-24,
622,ptwikisource,pt.wikisource.org,wikisource,pt,Portuguese,open,public,public,Portuguese Wikisource,2012-02-24,
623,ptwikiversity,pt.wikiversity.org,wikiversity,pt,Portuguese,open,public,public,Portuguese Wikiversity,2012-05-08,
624,ptwikivoyage,pt.wikivoyage.org,wikivoyage,pt,Portuguese,open,public,public,Portuguese Wikivoyage,2013-01-03,
625,ptwiktionary,pt.wiktionary.org,wiktionary,pt,Portuguese,open,public,public,Portuguese Wiktionary,2012-02-24,
626,pwnwiki,pwn.wikipedia.org,wikipedia,pwn,Paiwan,open,public,public,Paiwan Wikipedia,2021-10-23,
627,quwiki,qu.wikipedia.org,wikipedia,qu,Quechua,open,public,public,Quechua Wikipedia,2012-02-24,
628,quwikibooks,qu.wikibooks.org,wikibooks,qu,Quechua,closed,public,public,Quechua Wikibooks,2012-02-24,2012-02-24
629,quwikiquote,qu.wikiquote.org,wikiquote,qu,Quechua,closed,public,public,Quechua Wikiquote,2012-02-24,2012-02-24
630,quwiktionary,qu.wiktionary.org,wiktionary,qu,Quechua,open,public,public,Quechua Wiktionary,2012-02-24,
631,rmwiki,rm.wikipedia.org,wikipedia,rm,Romansh,open,public,public,Romansh Wikipedia,2012-02-24,
632,rmwikibooks,rm.wikibooks.org,wikibooks,rm,Romansh,closed,public,public,Romansh Wikibooks,2012-02-24,2012-02-24
633,rmwiktionary,rm.wiktionary.org,wiktionary,rm,Romansh,closed,public,public,Romansh Wiktionary,2012-02-24,2012-02-24
634,rmywiki,rmy.wikipedia.org,wikipedia,rmy,Vlax Romani,open,public,public,Romani Wikipedia,2012-02-24,
635,rnwiki,rn.wikipedia.org,wikipedia,rn,Rundi,open,public,public,Rundi Wikipedia,2012-02-24,
636,rnwiktionary,rn.wiktionary.org,wiktionary,rn,Rundi,closed,public,public,Rundi Wiktionary,2012-02-24,2012-02-24
637,roa_rupwiki,roa-rup.wikipedia.org,wikipedia,roa-rup,Aromanian,open,public,public,Aromanian Wikipedia,2012-02-24,
638,roa_rupwiktionary,roa-rup.wiktionary.org,wiktionary,roa-rup,Aromanian,open,public,public,Aromanian Wiktionary,2012-02-24,
639,roa_tarawiki,roa-tara.wikipedia.org,wikipedia,roa-tara,Tarantino,open,public,public,Tarandíne Wikipedia,2012-02-24,
640,rowiki,ro.wikipedia.org,wikipedia,ro,Romanian,open,public,public,Romanian Wikipedia,2012-02-24,
641,rowikibooks,ro.wikibooks.org,wikibooks,ro,Romanian,open,public,public,Romanian Wikibooks,2012-02-24,
642,rowikinews,ro.wikinews.org,wikinews,ro,Romanian,open,public,public,Romanian Wikinews,2012-02-24,
643,rowikiquote,ro.wikiquote.org,wikiquote,ro,Romanian,open,public,public,Romanian Wikiquote,2012-02-24,
644,rowikisource,ro.wikisource.org,wikisource,ro,Romanian,open,public,public,Romanian Wikisource,2012-02-24,
645,rowikivoyage,ro.wikivoyage.org,wikivoyage,ro,Romanian,open,public,public,Romanian Wikivoyage,2013-02-06,
646,rowiktionary,ro.wiktionary.org,wiktionary,ro,Romanian,open,public,public,Romanian Wiktionary,2012-02-24,
647,ruewiki,rue.wikipedia.org,wikipedia,rue,Rusyn,open,public,public,Rusyn Wikipedia,2012-05-08,
648,ruwiki,ru.wikipedia.org,wikipedia,ru,Russian,open,public,public,Russian Wikipedia,2012-02-24,
649,ruwikibooks,ru.wikibooks.org,wikibooks,ru,Russian,open,public,public,Russian Wikibooks,2012-02-24,
650,ruwikinews,ru.wikinews.org,wikinews,ru,Russian,open,public,public,Russian Wikinews,2012-02-24,
651,ruwikiquote,ru.wikiquote.org,wikiquote,ru,Russian,open,public,public,Russian Wikiquote,2012-02-24,
652,ruwikisource,ru.wikisource.org,wikisource,ru,Russian,open,public,public,Russian Wikisource,2012-02-24,
653,ruwikiversity,ru.wikiversity.org,wikiversity,ru,Russian,open,public,public,Russian Wikiversity,2012-05-08,
654,ruwikivoyage,ru.wikivoyage.org,wikivoyage,ru,Russian,open,public,public,Russian Wikivoyage,2012-11-06,
655,ruwiktionary,ru.wiktionary.org,wiktionary,ru,Russian,open,public,public,Russian Wiktionary,2012-02-24,
656,rwwiki,rw.wikipedia.org,wikipedia,rw,Kinyarwanda,open,public,public,Kinyarwanda Wikipedia,2012-02-24,
657,rwwiktionary,rw.wiktionary.org,wiktionary,rw,Kinyarwanda,open,public,public,Kinyarwanda Wiktionary,2012-02-24,
658,sahwiki,sah.wikipedia.org,wikipedia,sah,Yakut,open,public,public,Sakha Wikipedia,2012-05-08,
659,sahwikiquote,sah.wikiquote.org,wikiquote,sah,Yakut,open,public,public,Sakha Wikiquote,2018-06-04,
660,sahwikisource,sah.wikisource.org,wikisource,sah,Yakut,open,public,public,Sakha Wikisource,2012-05-08,
661,satwiki,sat.wikipedia.org,wikipedia,sat,Santali,open,public,public,Santali Wikipedia,2018-06-28,
662,sawiki,sa.wikipedia.org,wikipedia,sa,Sanskrit,open,public,public,Sanskrit Wikipedia,2012-02-24,
663,sawikibooks,sa.wikibooks.org,wikibooks,sa,Sanskrit,open,public,public,Sanskrit Wikibooks,2012-02-24,
664,sawikiquote,sa.wikiquote.org,wikiquote,sa,Sanskrit,open,public,public,Sanskrit Wikiquote,2013-02-06,
665,sawikisource,sa.wikisource.org,wikisource,sa,Sanskrit,open,public,public,Sanskrit Wikisource,2012-05-08,
666,sawiktionary,sa.wiktionary.org,wiktionary,sa,Sanskrit,open,public,public,Sanskrit Wiktionary,2012-02-24,
667,scnwiki,scn.wikipedia.org,wikipedia,scn,Sicilian,open,public,public,Sicilian Wikipedia,2012-02-24,
668,scnwiktionary,scn.wiktionary.org,wiktionary,scn,Sicilian,open,public,public,Sicilian Wiktionary,2012-02-24,
669,scowiki,sco.wikipedia.org,wikipedia,sco,Scots,open,public,public,Scots Wikipedia,2012-02-24,
670,scwiki,sc.wikipedia.org,wikipedia,sc,Sardinian,open,public,public,Sardinian Wikipedia,2012-02-24,
671,scwiktionary,sc.wiktionary.org,wiktionary,sc,Sardinian,closed,public,public,Sardinian Wiktionary,2012-02-24,2012-02-24
672,sdwiki,sd.wikipedia.org,wikipedia,sd,Sindhi,open,public,public,Sindhi Wikipedia,2012-02-24,
673,sdwikinews,sd.wikinews.org,wikinews,sd,Sindhi,closed,public,public,Sindhi Wikinews,2012-02-24,2012-05-16
674,sdwiktionary,sd.wiktionary.org,wiktionary,sd,Sindhi,open,public,public,Sindhi Wiktionary,2012-02-24,
675,sewiki,se.wikipedia.org,wikipedia,se,Northern Sami,open,public,public,Northern Sami Wikipedia,2012-02-24,
676,sewikibooks,se.wikibooks.org,wikibooks,se,Northern Sami,closed,public,public,Northern Sami Wikibooks,2012-02-24,2012-02-24
677,sgwiki,sg.wikipedia.org,wikipedia,sg,Sango,open,public,public,Sango Wikipedia,2012-02-24,
678,sgwiktionary,sg.wiktionary.org,wiktionary,sg,Sango,open,public,public,Sango Wiktionary,2012-02-24,
679,shiwiki,shi.wikipedia.org,wikipedia,shi,Tachelhit,open,public,public,Tachelhit Wikipedia,2021-06-30,
680,shnwiki,shn.wikipedia.org,wikipedia,shn,Shan,open,public,public,Shan Wikipedia,2019-02-07,
681,shnwikibooks,shn.wikibooks.org,wikibooks,shn,Shan,open,public,public,Shan Wikibooks,2023-01-04,
682,shnwikivoyage,shn.wikivoyage.org,wikivoyage,shn,Shan,open,public,public,Shan Wikivoyage,2022-03-17,
683,shnwiktionary,shn.wiktionary.org,wiktionary,shn,Shan,open,public,public,Shan Wiktionary,2020-05-18,
684,shwiki,sh.wikipedia.org,wikipedia,sh,Serbo-Croatian,open,public,public,Serbo-Croatian Wikipedia,2012-02-24,
685,shwiktionary,sh.wiktionary.org,wiktionary,sh,Serbo-Croatian,open,public,public,Serbo-Croatian Wiktionary,2012-02-24,
686,shywiktionary,shy.wiktionary.org,wiktionary,shy,Shawiya,open,public,public,Shawiya Wiktionary,2019-11-20,
687,simplewiki,simple.wikipedia.org,wikipedia,simple,Simple English,open,public,public,Simple English Wikipedia,2012-02-24,
688,simplewikibooks,simple.wikibooks.org,wikibooks,simple,Simple English,closed,public,public,Simple English Wikibooks,2012-02-24,2012-02-24
689,simplewikiquote,simple.wikiquote.org,wikiquote,simple,Simple English,closed,public,public,Simple English Wikiquote,2012-02-24,2012-02-24
690,simplewiktionary,simple.wiktionary.org,wiktionary,simple,Simple English,open,public,public,Simple English Wiktionary,2012-02-24,
691,siwiki,si.wikipedia.org,wikipedia,si,Sinhala,open,public,public,Sinhala Wikipedia,2012-02-24,
692,siwikibooks,si.wikibooks.org,wikibooks,si,Sinhala,open,public,public,Sinhala Wikibooks,2012-02-24,
693,siwiktionary,si.wiktionary.org,wiktionary,si,Sinhala,open,public,public,Sinhala Wiktionary,2012-02-24,
694,skrwiki,skr.wikipedia.org,wikipedia,skr,Saraiki,open,public,public,Saraiki Wikipedia,2020-11-25,
695,skrwiktionary,skr.wiktionary.org,wiktionary,skr,Saraiki,open,public,public,Saraiki Wiktionary,2020-11-25,
696,skwiki,sk.wikipedia.org,wikipedia,sk,Slovak,open,public,public,Slovak Wikipedia,2012-02-24,
697,skwikibooks,sk.wikibooks.org,wikibooks,sk,Slovak,open,public,public,Slovak Wikibooks,2012-02-24,
698,skwikiquote,sk.wikiquote.org,wikiquote,sk,Slovak,open,public,public,Slovak Wikiquote,2012-02-24,
699,skwikisource,sk.wikisource.org,wikisource,sk,Slovak,open,public,public,Slovak Wikisource,2012-02-24,
700,skwiktionary,sk.wiktionary.org,wiktionary,sk,Slovak,open,public,public,Slovak Wiktionary,2012-02-24,
701,slwiki,sl.wikipedia.org,wikipedia,sl,Slovenian,open,public,public,Slovenian Wikipedia,2012-02-24,
702,slwikibooks,sl.wikibooks.org,wikibooks,sl,Slovenian,open,public,public,Slovenian Wikibooks,2012-02-24,
703,slwikiquote,sl.wikiquote.org,wikiquote,sl,Slovenian,open,public,public,Slovenian Wikiquote,2012-02-24,
704,slwikisource,sl.wikisource.org,wikisource,sl,Slovenian,open,public,public,Slovenian Wikisource,2012-02-24,
705,slwikiversity,sl.wikiversity.org,wikiversity,sl,Slovenian,open,public,public,Slovenian Wikiversity,2012-05-08,
706,slwiktionary,sl.wiktionary.org,wiktionary,sl,Slovenian,open,public,public,Slovenian Wiktionary,2012-02-24,
707,smnwiki,smn.wikipedia.org,wikipedia,smn,Inari Sami,open,public,public,Inari Sami Wikipedia,2020-10-18,
708,smwiki,sm.wikipedia.org,wikipedia,sm,Samoan,open,public,public,Samoan Wikipedia,2012-02-24,
709,smwiktionary,sm.wiktionary.org,wiktionary,sm,Samoan,open,public,public,Samoan Wiktionary,2012-02-24,
710,snwiki,sn.wikipedia.org,wikipedia,sn,Shona,open,public,public,Shona Wikipedia,2012-02-24,
711,snwiktionary,sn.wiktionary.org,wiktionary,sn,Shona,closed,public,public,Shona Wiktionary,2012-02-24,2012-02-24
712,sowiki,so.wikipedia.org,wikipedia,so,Somali,open,public,public,Somali Wikipedia,2012-02-24,
713,sowiktionary,so.wiktionary.org,wiktionary,so,Somali,open,public,public,Somali Wiktionary,2012-02-24,
714,sqwiki,sq.wikipedia.org,wikipedia,sq,Albanian,open,public,public,Albanian Wikipedia,2012-02-24,
715,sqwikibooks,sq.wikibooks.org,wikibooks,sq,Albanian,open,public,public,Albanian Wikibooks,2012-02-24,
716,sqwikinews,sq.wikinews.org,wikinews,sq,Albanian,open,public,public,Albanian Wikinews,2012-05-08,
717,sqwikiquote,sq.wikiquote.org,wikiquote,sq,Albanian,open,public,public,Albanian Wikiquote,2012-02-24,
718,sqwiktionary,sq.wiktionary.org,wiktionary,sq,Albanian,open,public,public,Albanian Wiktionary,2012-02-24,
719,srnwiki,srn.wikipedia.org,wikipedia,srn,Sranan Tongo,open,public,public,Sranan Tongo Wikipedia,2012-05-08,
720,srwiki,sr.wikipedia.org,wikipedia,sr,Serbian,open,public,public,Serbian Wikipedia,2012-02-24,
721,srwikibooks,sr.wikibooks.org,wikibooks,sr,Serbian,open,public,public,Serbian Wikibooks,2012-02-24,
722,srwikinews,sr.wikinews.org,wikinews,sr,Serbian,open,public,public,Serbian Wikinews,2012-02-24,
723,srwikiquote,sr.wikiquote.org,wikiquote,sr,Serbian,open,public,public,Serbian Wikiquote,2012-02-24,
724,srwikisource,sr.wikisource.org,wikisource,sr,Serbian,open,public,public,Serbian Wikisource,2012-02-24,
725,srwiktionary,sr.wiktionary.org,wiktionary,sr,Serbian,open,public,public,Serbian Wiktionary,2012-02-24,
726,sswiki,ss.wikipedia.org,wikipedia,ss,Swati,open,public,public,Swati Wikipedia,2012-02-24,
727,sswiktionary,ss.wiktionary.org,wiktionary,ss,Swati,open,public,public,Swati Wiktionary,2012-02-24,
728,stqwiki,stq.wikipedia.org,wikipedia,stq,Saterland Frisian,open,public,public,Saterland Frisian Wikipedia,2012-05-08,
729,stwiki,st.wikipedia.org,wikipedia,st,Southern Sotho,open,public,public,Southern Sotho Wikipedia,2012-02-24,
730,stwiktionary,st.wiktionary.org,wiktionary,st,Southern Sotho,open,public,public,Southern Sotho Wiktionary,2012-02-24,
731,suwiki,su.wikipedia.org,wikipedia,su,Sundanese,open,public,public,Sundanese Wikipedia,2012-02-24,
732,suwikibooks,su.wikibooks.org,wikibooks,su,Sundanese,closed,public,public,Sundanese Wikibooks,2012-02-24,2012-08-05
733,suwikiquote,su.wikiquote.org,wikiquote,su,Sundanese,open,public,public,Sundanese Wikiquote,2012-02-24,
734,suwiktionary,su.wiktionary.org,wiktionary,su,Sundanese,open,public,public,Sundanese Wiktionary,2012-02-24,
735,svwiki,sv.wikipedia.org,wikipedia,sv,Swedish,open,public,public,Swedish Wikipedia,2012-02-24,
736,svwikibooks,sv.wikibooks.org,wikibooks,sv,Swedish,open,public,public,Swedish Wikibooks,2012-02-24,
737,svwikinews,sv.wikinews.org,wikinews,sv,Swedish,open,public,public,Swedish Wikinews,2012-02-24,
738,svwikiquote,sv.wikiquote.org,wikiquote,sv,Swedish,open,public,public,Swedish Wikiquote,2012-02-24,
739,svwikisource,sv.wikisource.org,wikisource,sv,Swedish,open,public,public,Swedish Wikisource,2012-02-24,
740,svwikiversity,sv.wikiversity.org,wikiversity,sv,Swedish,open,public,public,Swedish Wikiversity,2012-05-08,
741,svwikivoyage,sv.wikivoyage.org,wikivoyage,sv,Swedish,open,public,public,Swedish Wikivoyage,2012-11-06,
742,svwiktionary,sv.wiktionary.org,wiktionary,sv,Swedish,open,public,public,Swedish Wiktionary,2012-02-24,
743,swwiki,sw.wikipedia.org,wikipedia,sw,Swahili,open,public,public,Swahili Wikipedia,2012-02-24,
744,swwikibooks,sw.wikibooks.org,wikibooks,sw,Swahili,closed,public,public,Swahili Wikibooks,2012-02-24,2012-02-24
745,swwiktionary,sw.wiktionary.org,wiktionary,sw,Swahili,open,public,public,Swahili Wiktionary,2012-02-24,
746,szlwiki,szl.wikipedia.org,wikipedia,szl,Silesian,open,public,public,Silesian Wikipedia,2012-05-08,
747,szywiki,szy.wikipedia.org,wikipedia,szy,Sakizaya,open,public,public,Sakizaya Wikipedia,2019-11-05,
748,tawiki,ta.wikipedia.org,wikipedia,ta,Tamil,open,public,public,Tamil Wikipedia,2012-02-24,
749,tawikibooks,ta.wikibooks.org,wikibooks,ta,Tamil,open,public,public,Tamil Wikibooks,2012-02-24,
750,tawikinews,ta.wikinews.org,wikinews,ta,Tamil,open,public,public,Tamil Wikinews,2012-02-24,
751,tawikiquote,ta.wikiquote.org,wikiquote,ta,Tamil,open,public,public,Tamil Wikiquote,2012-02-24,
752,tawikisource,ta.wikisource.org,wikisource,ta,Tamil,open,public,public,Tamil Wikisource,2012-05-08,
753,tawiktionary,ta.wiktionary.org,wiktionary,ta,Tamil,open,public,public,Tamil Wiktionary,2012-02-24,
754,taywiki,tay.wikipedia.org,wikipedia,tay,Atayal,open,public,public,Atayal Wikipedia,2021-03-15,
755,tcywiki,tcy.wikipedia.org,wikipedia,tcy,Tulu,open,public,public,Tulu Wikipedia,2016-07-21,
756,tetwiki,tet.wikipedia.org,wikipedia,tet,Tetum,open,public,public,Tetum Wikipedia,2012-02-24,
757,tewiki,te.wikipedia.org,wikipedia,te,Telugu,open,public,public,Telugu Wikipedia,2012-02-24,
758,tewikibooks,te.wikibooks.org,wikibooks,te,Telugu,open,public,public,Telugu Wikibooks,2012-02-24,
759,tewikiquote,te.wikiquote.org,wikiquote,te,Telugu,open,public,public,Telugu Wikiquote,2012-02-24,
760,tewikisource,te.wikisource.org,wikisource,te,Telugu,open,public,public,Telugu Wikisource,2012-02-24,
761,tewiktionary,te.wiktionary.org,wiktionary,te,Telugu,open,public,public,Telugu Wiktionary,2012-02-24,
762,tgwiki,tg.wikipedia.org,wikipedia,tg,Tajik,open,public,public,Tajik Wikipedia,2012-02-24,
763,tgwikibooks,tg.wikibooks.org,wikibooks,tg,Tajik,open,public,public,Tajik Wikibooks,2012-02-24,
764,tgwiktionary,tg.wiktionary.org,wiktionary,tg,Tajik,open,public,public,Tajik Wiktionary,2012-02-24,
765,thwiki,th.wikipedia.org,wikipedia,th,Thai,open,public,public,Thai Wikipedia,2012-02-24,
766,thwikibooks,th.wikibooks.org,wikibooks,th,Thai,open,public,public,Thai Wikibooks,2012-02-24,
767,thwikinews,th.wikinews.org,wikinews,th,Thai,closed,public,public,Thai Wikinews,2012-02-24,2012-02-24
768,thwikiquote,th.wikiquote.org,wikiquote,th,Thai,open,public,public,Thai Wikiquote,2012-02-24,
769,thwikisource,th.wikisource.org,wikisource,th,Thai,open,public,public,Thai Wikisource,2012-02-24,
770,thwiktionary,th.wiktionary.org,wiktionary,th,Thai,open,public,public,Thai Wiktionary,2012-02-24,
771,tiwiki,ti.wikipedia.org,wikipedia,ti,Tigrinya,open,public,public,Tigrinya Wikipedia,2012-02-24,
772,tiwiktionary,ti.wiktionary.org,wiktionary,ti,Tigrinya,open,public,public,Tigrinya Wiktionary,2012-02-24,
773,tkwiki,tk.wikipedia.org,wikipedia,tk,Turkmen,open,public,public,Turkmen Wikipedia,2012-02-24,
774,tkwikibooks,tk.wikibooks.org,wikibooks,tk,Turkmen,closed,public,public,Turkmen Wikibooks,2012-02-24,2012-02-24
775,tkwikiquote,tk.wikiquote.org,wikiquote,tk,Turkmen,closed,public,public,Turkmen Wikiquote,2012-02-24,2012-02-24
776,tkwiktionary,tk.wiktionary.org,wiktionary,tk,Turkmen,open,public,public,Turkmen Wiktionary,2012-02-24,
777,tlwiki,tl.wikipedia.org,wikipedia,tl,Tagalog,open,public,public,Tagalog Wikipedia,2012-02-24,
778,tlwikibooks,tl.wikibooks.org,wikibooks,tl,Tagalog,open,public,public,Tagalog Wikibooks,2012-02-24,
779,tlwikiquote,tl.wikiquote.org,wikiquote,tl,Tagalog,open,public,public,Tagalog Wikiquote,2022-10-10,
780,tlwiktionary,tl.wiktionary.org,wiktionary,tl,Tagalog,open,public,public,Tagalog Wiktionary,2012-02-24,
781,tnwiki,tn.wikipedia.org,wikipedia,tn,Tswana,open,public,public,Tswana Wikipedia,2012-02-24,
782,tnwiktionary,tn.wiktionary.org,wiktionary,tn,Tswana,open,public,public,Tswana Wiktionary,2012-02-24,
783,towiki,to.wikipedia.org,wikipedia,to,Tongan,open,public,public,Tongan Wikipedia,2012-02-24,
784,towiktionary,to.wiktionary.org,wiktionary,to,Tongan,closed,public,public,Tongan Wiktionary,2012-02-24,2012-02-24
785,tpiwiki,tpi.wikipedia.org,wikipedia,tpi,Tok Pisin,open,public,public,Tok Pisin Wikipedia,2012-02-24,
786,tpiwiktionary,tpi.wiktionary.org,wiktionary,tpi,Tok Pisin,open,public,public,Tok Pisin Wiktionary,2012-02-24,
787,trvwiki,trv.wikipedia.org,wikipedia,trv,Taroko,open,public,public,Seediq Wikipedia,2021-03-15,
788,trwiki,tr.wikipedia.org,wikipedia,tr,Turkish,open,public,public,Turkish Wikipedia,2012-02-24,
789,trwikibooks,tr.wikibooks.org,wikibooks,tr,Turkish,open,public,public,Turkish Wikibooks,2012-02-24,
790,trwikinews,tr.wikinews.org,wikinews,tr,Turkish,closed,public,public,Turkish Wikinews,2012-05-08,2020-06-16
791,trwikiquote,tr.wikiquote.org,wikiquote,tr,Turkish,open,public,public,Turkish Wikiquote,2012-02-24,
792,trwikisource,tr.wikisource.org,wikisource,tr,Turkish,open,public,public,Turkish Wikisource,2012-02-24,
793,trwikivoyage,tr.wikivoyage.org,wikivoyage,tr,Turkish,open,public,public,Turkish Wikivoyage,2021-01-19,
794,trwiktionary,tr.wiktionary.org,wiktionary,tr,Turkish,open,public,public,Turkish Wiktionary,2012-02-24,
795,tswiki,ts.wikipedia.org,wikipedia,ts,Tsonga,open,public,public,Tsonga Wikipedia,2012-02-24,
796,tswiktionary,ts.wiktionary.org,wiktionary,ts,Tsonga,open,public,public,Tsonga Wiktionary,2012-02-24,
797,ttwiki,tt.wikipedia.org,wikipedia,tt,Tatar,open,public,public,Tatar Wikipedia,2012-02-24,
798,ttwikibooks,tt.wikibooks.org,wikibooks,tt,Tatar,open,public,public,Tatar Wikibooks,2012-02-24,
799,ttwikiquote,tt.wikiquote.org,wikiquote,tt,Tatar,closed,public,public,Tatar Wikiquote,2012-02-24,2019-02-07
800,ttwiktionary,tt.wiktionary.org,wiktionary,tt,Tatar,open,public,public,Tatar Wiktionary,2012-02-24,
801,tumwiki,tum.wikipedia.org,wikipedia,tum,Tumbuka,open,public,public,Tumbuka Wikipedia,2012-02-24,
802,twwiki,tw.wikipedia.org,wikipedia,tw,Twi,open,public,public,Twi Wikipedia,2012-02-24,
803,twwiktionary,tw.wiktionary.org,wiktionary,tw,Twi,closed,public,public,Twi Wiktionary,2012-02-24,2012-02-24
804,tyvwiki,tyv.wikipedia.org,wikipedia,tyv,Tuvinian,open,public,public,Tuvinian Wikipedia,2013-07-05,
805,tywiki,ty.wikipedia.org,wikipedia,ty,Tahitian,open,public,public,Tahitian Wikipedia,2013-08-11,
806,udmwiki,udm.wikipedia.org,wikipedia,udm,Udmurt,open,public,public,Udmurt Wikipedia,2012-02-24,
807,ugwiki,ug.wikipedia.org,wikipedia,ug,Uyghur,open,public,public,Uyghur Wikipedia,2012-02-24,
808,ugwikibooks,ug.wikibooks.org,wikibooks,ug,Uyghur,closed,public,public,Uyghur Wikibooks,2012-02-24,2012-02-24
809,ugwikiquote,ug.wikiquote.org,wikiquote,ug,Uyghur,closed,public,public,Uyghur Wikiquote,2012-02-24,2012-02-24
810,ugwiktionary,ug.wiktionary.org,wiktionary,ug,Uyghur,open,public,public,Uyghur Wiktionary,2012-02-24,
811,ukwiki,uk.wikipedia.org,wikipedia,uk,Ukrainian,open,public,public,Ukrainian Wikipedia,2012-02-24,
812,ukwikibooks,uk.wikibooks.org,wikibooks,uk,Ukrainian,open,public,public,Ukrainian Wikibooks,2012-02-24,
813,ukwikinews,uk.wikinews.org,wikinews,uk,Ukrainian,open,public,public,Ukrainian Wikinews,2012-02-24,
814,ukwikiquote,uk.wikiquote.org,wikiquote,uk,Ukrainian,open,public,public,Ukrainian Wikiquote,2012-02-24,
815,ukwikisource,uk.wikisource.org,wikisource,uk,Ukrainian,open,public,public,Ukrainian Wikisource,2012-02-24,
816,ukwikivoyage,uk.wikivoyage.org,wikivoyage,uk,Ukrainian,open,public,public,Ukrainian Wikivoyage,2013-03-27,
817,ukwiktionary,uk.wiktionary.org,wiktionary,uk,Ukrainian,open,public,public,Ukrainian Wiktionary,2012-02-24,
818,urwiki,ur.wikipedia.org,wikipedia,ur,Urdu,open,public,public,Urdu Wikipedia,2012-02-24,
819,urwikibooks,ur.wikibooks.org,wikibooks,ur,Urdu,open,public,public,Urdu Wikibooks,2012-02-24,
820,urwikiquote,ur.wikiquote.org,wikiquote,ur,Urdu,open,public,public,Urdu Wikiquote,2012-02-24,
821,urwiktionary,ur.wiktionary.org,wiktionary,ur,Urdu,open,public,public,Urdu Wiktionary,2012-02-24,
822,uzwiki,uz.wikipedia.org,wikipedia,uz,Uzbek,open,public,public,Uzbek Wikipedia,2012-02-24,
823,uzwikibooks,uz.wikibooks.org,wikibooks,uz,Uzbek,closed,public,public,Uzbek Wikibooks,2012-02-24,2013-07-23
824,uzwikiquote,uz.wikiquote.org,wikiquote,uz,Uzbek,open,public,public,Uzbek Wikiquote,2012-02-24,
825,uzwiktionary,uz.wiktionary.org,wiktionary,uz,Uzbek,open,public,public,Uzbek Wiktionary,2012-02-24,
826,vecwiki,vec.wikipedia.org,wikipedia,vec,Venetian,open,public,public,Venetian Wikipedia,2012-02-24,
827,vecwikisource,vec.wikisource.org,wikisource,vec,Venetian,open,public,public,Venetian Wikisource,2012-05-08,
828,vecwiktionary,vec.wiktionary.org,wiktionary,vec,Venetian,open,public,public,Venetian Wiktionary,2013-05-16,
829,vepwiki,vep.wikipedia.org,wikipedia,vep,Veps,open,public,public,Veps Wikipedia,2012-05-08,
830,vewiki,ve.wikipedia.org,wikipedia,ve,Venda,open,public,public,Venda Wikipedia,2012-02-24,
831,viwiki,vi.wikipedia.org,wikipedia,vi,Vietnamese,open,public,public,Vietnamese Wikipedia,2012-02-24,
832,viwikibooks,vi.wikibooks.org,wikibooks,vi,Vietnamese,open,public,public,Vietnamese Wikibooks,2012-02-24,
833,viwikiquote,vi.wikiquote.org,wikiquote,vi,Vietnamese,open,public,public,Vietnamese Wikiquote,2012-02-24,
834,viwikisource,vi.wikisource.org,wikisource,vi,Vietnamese,open,public,public,Vietnamese Wikisource,2012-02-24,
835,viwikivoyage,vi.wikivoyage.org,wikivoyage,vi,Vietnamese,open,public,public,Vietnamese Wikivoyage,2013-08-11,
836,viwiktionary,vi.wiktionary.org,wiktionary,vi,Vietnamese,open,public,public,Vietnamese Wiktionary,2012-02-24,
837,vlswiki,vls.wikipedia.org,wikipedia,vls,West Flemish,open,public,public,West Flemish Wikipedia,2012-02-24,
838,vowiki,vo.wikipedia.org,wikipedia,vo,Volapük,open,public,public,Volapük Wikipedia,2012-02-24,
839,vowikibooks,vo.wikibooks.org,wikibooks,vo,Volapük,closed,public,public,Volapük Wikibooks,2012-02-24,2012-06-10
840,vowikiquote,vo.wikiquote.org,wikiquote,vo,Volapük,closed,public,public,Volapük Wikiquote,2012-02-24,2012-02-24
841,vowiktionary,vo.wiktionary.org,wiktionary,vo,Volapük,open,public,public,Volapük Wiktionary,2012-02-24,
842,warwiki,war.wikipedia.org,wikipedia,war,Waray,open,public,public,Waray Wikipedia,2012-02-24,
843,wawiki,wa.wikipedia.org,wikipedia,wa,Walloon,open,public,public,Walloon Wikipedia,2012-02-24,
844,wawikibooks,wa.wikibooks.org,wikibooks,wa,Walloon,closed,public,public,Walloon Wikibooks,2012-02-24,2012-02-24
845,wawikisource,wa.wikisource.org,wikisource,wa,Walloon,open,public,public,Walloon Wikisource,2020-12-07,
846,wawiktionary,wa.wiktionary.org,wiktionary,wa,Walloon,open,public,public,Walloon Wiktionary,2012-02-24,
847,wikidatawiki,www.wikidata.org,wikidata,en,English,open,public,public,Wikidata,2012-11-06,
848,wowiki,wo.wikipedia.org,wikipedia,wo,Wolof,open,public,public,Wolof Wikipedia,2012-02-24,
849,wowikiquote,wo.wikiquote.org,wikiquote,wo,Wolof,open,public,public,Wolof Wikiquote,2012-02-24,2023-04-11
850,wowiktionary,wo.wiktionary.org,wiktionary,wo,Wolof,open,public,public,Wolof Wiktionary,2012-02-24,
851,wuuwiki,wuu.wikipedia.org,wikipedia,wuu,Wu Chinese,open,public,public,Wu Chinese Wikipedia,2012-02-24,
852,xalwiki,xal.wikipedia.org,wikipedia,xal,Kalmyk,open,public,public,Kalmyk Wikipedia,2012-02-24,
853,xhwiki,xh.wikipedia.org,wikipedia,xh,Xhosa,open,public,public,Xhosa Wikipedia,2012-02-24,
854,xhwikibooks,xh.wikibooks.org,wikibooks,xh,Xhosa,closed,public,public,Xhosa Wikibooks,2012-02-24,2012-02-24
855,xhwiktionary,xh.wiktionary.org,wiktionary,xh,Xhosa,closed,public,public,Xhosa Wiktionary,2012-02-24,2012-02-24
856,xmfwiki,xmf.wikipedia.org,wikipedia,xmf,Mingrelian,open,public,public,Mingrelian Wikipedia,2012-05-08,
857,yiwiki,yi.wikipedia.org,wikipedia,yi,Yiddish,open,public,public,Yiddish Wikipedia,2012-02-24,
858,yiwikisource,yi.wikisource.org,wikisource,yi,Yiddish,open,public,public,Yiddish Wikisource,2012-02-24,
859,yiwiktionary,yi.wiktionary.org,wiktionary,yi,Yiddish,open,public,public,Yiddish Wiktionary,2012-02-24,
860,yowiki,yo.wikipedia.org,wikipedia,yo,Yoruba,open,public,public,Yoruba Wikipedia,2012-02-24,
861,yowikibooks,yo.wikibooks.org,wikibooks,yo,Yoruba,closed,public,public,Yoruba Wikibooks,2012-02-24,2012-02-24
862,yowiktionary,yo.wiktionary.org,wiktionary,yo,Yoruba,closed,public,public,Yoruba Wiktionary,2012-02-24,2012-02-24
863,yuewiktionary,yue.wiktionary.org,wiktionary,yue,Cantonese,open,public,public,Cantonese Wiktionary,2018-09-28,
864,zawiki,za.wikipedia.org,wikipedia,za,Zhuang,open,public,public,Zhuang Wikipedia,2012-02-24,
865,zawikibooks,za.wikibooks.org,wikibooks,za,Zhuang,closed,public,public,Zhuang Wikibooks,2012-02-24,2012-02-24
866,zawikiquote,za.wikiquote.org,wikiquote,za,Zhuang,closed,public,public,Zhuang Wikiquote,2012-02-24,2012-02-24
867,zawiktionary,za.wiktionary.org,wiktionary,za,Zhuang,closed,public,public,Zhuang Wiktionary,2012-02-24,2012-09-29
868,zeawiki,zea.wikipedia.org,wikipedia,zea,Zeelandic,open,public,public,Zeelandic Wikipedia,2012-02-24,
869,zh_classicalwiki,zh-classical.wikipedia.org,wikipedia,zh-classical,Classical Chinese,open,public,public,Classical Chinese Wikipedia,2012-02-24,
870,zh_min_nanwiki,zh-min-nan.wikipedia.org,wikipedia,zh-min-nan,Chinese (Min Nan),open,public,public,Min Nan Wikipedia,2012-02-24,
871,zh_min_nanwikibooks,zh-min-nan.wikibooks.org,wikibooks,zh-min-nan,Chinese (Min Nan),closed,public,public,Min Nan Wikibooks,2012-02-24,2012-09-29
872,zh_min_nanwikiquote,zh-min-nan.wikiquote.org,wikiquote,zh-min-nan,Chinese (Min Nan),closed,public,public,Min Nan Wikiquote,2012-02-24,2013-01-09
873,zh_min_nanwikisource,zh-min-nan.wikisource.org,wikisource,zh-min-nan,Chinese (Min Nan),open,public,public,Min Nan Wikisource,2012-02-24,
874,zh_min_nanwiktionary,zh-min-nan.wiktionary.org,wiktionary,zh-min-nan,Chinese (Min Nan),open,public,public,Min Nan Wiktionary,2012-02-24,
875,zh_yuewiki,zh-yue.wikipedia.org,wikipedia,zh-yue,Cantonese,open,public,public,Cantonese Wikipedia,2018-04-27,
876,zhwiki,zh.wikipedia.org,wikipedia,zh,Chinese,open,public,public,Chinese Wikipedia,2012-02-24,
877,zhwikibooks,zh.wikibooks.org,wikibooks,zh,Chinese,open,public,public,Chinese Wikibooks,2012-02-24,
878,zhwikinews,zh.wikinews.org,wikinews,zh,Chinese,open,public,public,Chinese Wikinews,2012-02-24,
879,zhwikiquote,zh.wikiquote.org,wikiquote,zh,Chinese,open,public,public,Chinese Wikiquote,2012-02-24,
880,zhwikisource,zh.wikisource.org,wikisource,zh,Chinese,open,public,public,Chinese Wikisource,2012-02-24,
881,zhwikiversity,zh.wikiversity.org,wikiversity,zh,Chinese,open,public,public,Chinese Wikiversity,2018-07-14,
882,zhwikivoyage,zh.wikivoyage.org,wikivoyage,zh,Chinese,open,public,public,Chinese Wikivoyage,2013-12-31,
883,zhwiktionary,zh.wiktionary.org,wiktionary,zh,Chinese,open,public,public,Chinese Wiktionary,2012-02-24,
884,zuwiki,zu.wikipedia.org,wikipedia,zu,Zulu,open,public,public,Zulu Wikipedia,2012-02-24,
885,zuwikibooks,zu.wikibooks.org,wikibooks,zu,Zulu,closed,public,public,Zulu Wikibooks,2012-02-24,2012-02-24
886,zuwiktionary,zu.wiktionary.org,wiktionary,zu,Zulu,open,public,public,Zulu Wiktionary,2012-02-24,
